input_text,simplified_phrase
"Simplify this emergency instruction into concise, actionable phrases: Kindly move to higher ground immediately to avoid the floodwaters without panicking.",Move Higher. Avoid Flood.
"Simplify this emergency instruction into concise, actionable phrases: Please stay away from electrical outlets and avoid using wired devices right now.",Avoid Outlets. No Wired Devices.
"Simplify this emergency instruction into concise, actionable phrases: Please apply direct pressure to the wound and elevate the injured area and help others if you can.",Apply Pressure. Elevate Wound.
"Simplify this emergency instruction into concise, actionable phrases: Without delay, drop to the floor, take cover under a sturdy table, and hold on while waiting for responders.",Drop. Cover. Hold On.
"Simplify this emergency instruction into concise, actionable phrases: Quickly check for breathing and begin cpr if necessary to ensure your safety.",Check Breathing. Start CPR.
"Simplify this emergency instruction into concise, actionable phrases: It is very important that you move away from the windows and find a secure room.",Away From Windows. Secure Room.
"Simplify this emergency instruction into concise, actionable phrases: Quickly lock the doors, turn off the lights, and remain silent before the situation worsens.",Lock Doors. Lights Off. Remain Silent.
"Simplify this emergency instruction into concise, actionable phrases: Please make sure to do not use the elevators, use the emergency fire stairs to ensure your safety.",No Elevators. Use Stairs.
"Simplify this emergency instruction into concise, actionable phrases: Please apply direct pressure to the wound and elevate the injured area and stay calm.",Apply Pressure. Elevate Wound.
"Simplify this emergency instruction into concise, actionable phrases: I need you to immediately check for breathing and begin cpr if necessary and stay calm.",Check Breathing. Start CPR.
"Simplify this emergency instruction into concise, actionable phrases: Action required: secure all loose objects and stay away from glass panels and stay calm.",Secure Objects. Avoid Glass.
"Simplify this emergency instruction into concise, actionable phrases: Please make sure to do not use the elevators, use the emergency fire stairs as instructed.",No Elevators. Use Stairs.
"Simplify this emergency instruction into concise, actionable phrases: Without delay, lock the doors, turn off the lights, and remain silent.",Lock Doors. Lights Off. Remain Silent.
"Simplify this emergency instruction into concise, actionable phrases: Drop to the ground, take cover under a sturdy table, and hold on until the shaking stops as quickly as possible.",Drop. Cover. Hold.
"Simplify this emergency instruction into concise, actionable phrases: You must turn off the main gas valve and evacuate the premises as instructed.",Turn Off Gas. Evacuate.
"Simplify this emergency instruction into concise, actionable phrases: Please make sure to lock the doors, turn off the lights, and remain silent carefully.",Lock Doors. Lights Off. Remain Silent.
"Simplify this emergency instruction into concise, actionable phrases: Without delay, move away from the windows and find a secure room before the situation worsens.",Away From Windows. Secure Room.
"Simplify this emergency instruction into concise, actionable phrases: Wear protective equipment before approaching the spill following emergency procedures.",Wear Protection. Spill.
"Simplify this emergency instruction into concise, actionable phrases: Kindly lock the doors, turn off the lights, and remain silent before the situation worsens.",Lock Doors. Lights Off. Remain Silent.
"Simplify this emergency instruction into concise, actionable phrases: Please make sure to move away from the windows and find a secure room carefully.",Away From Windows. Secure Room.
"Simplify this emergency instruction into concise, actionable phrases: I need you to immediately stay inside your vehicle and wait for emergency responders to ensure your safety.",Stay In Vehicle. Wait.
"Simplify this emergency instruction into concise, actionable phrases: Kindly turn off the main gas valve and evacuate the premises and stay calm.",Turn Off Gas. Evacuate.
"Simplify this emergency instruction into concise, actionable phrases: Action required: activate the fire alarm on your way out of the corridor as instructed.",Activate Alarm. Exit Corridor.
"Simplify this emergency instruction into concise, actionable phrases: Attention: secure all loose objects and stay away from glass panels while waiting for responders.",Secure Objects. Avoid Glass.
"Simplify this emergency instruction into concise, actionable phrases: It is very important that you find a safe place to hide and stay quiet until help arrives immediately.",Hide. Stay Quiet.
"Simplify this emergency instruction into concise, actionable phrases: You must call an ambulance and wait outside for them to arrive as instructed.",Call Ambulance. Wait Outside.
"Simplify this emergency instruction into concise, actionable phrases: You must move away from the windows and find a secure room carefully.",Away From Windows. Secure Room.
"Simplify this emergency instruction into concise, actionable phrases: You must find a safe place to hide and stay quiet until help arrives and help others if you can.",Hide. Stay Quiet.
"Simplify this emergency instruction into concise, actionable phrases: It is very important that you stay away from electrical outlets and avoid using wired devices.",Avoid Outlets. No Wired Devices.
"Simplify this emergency instruction into concise, actionable phrases: Attention: do not drink the tap water, use bottled water instead.",No Tap Water. Use Bottled.
"Simplify this emergency instruction into concise, actionable phrases: I need you to immediately do not drink the tap water, use bottled water instead and stay calm.",No Tap Water. Use Bottled.
"Simplify this emergency instruction into concise, actionable phrases: I need you to immediately find a safe place to hide and stay quiet until help arrives.",Hide. Stay Quiet.
"Simplify this emergency instruction into concise, actionable phrases: For your safety, please drop to the floor, take cover under a sturdy table, and hold on right now.",Drop. Cover. Hold On.
"Simplify this emergency instruction into concise, actionable phrases: Action required: crawl under the smoke to reach the nearest safe exit before the situation worsens.",Crawl Under Smoke. Find Exit.
"Simplify this emergency instruction into concise, actionable phrases: For your safety, please take the left exit door and go down the stairs slowly right now.",Left. Exit. Stairs. Slowly.
"Simplify this emergency instruction into concise, actionable phrases: It is very important that you turn off the main gas valve and evacuate the premises and help others if you can.",Turn Off Gas. Evacuate.
"Simplify this emergency instruction into concise, actionable phrases: Attention: cover your nose and mouth with a wet cloth and stay low to the ground as instructed.",Cover Nose. Stay Low.
"Simplify this emergency instruction into concise, actionable phrases: You must do not drink the tap water, use bottled water instead while waiting for responders.",No Tap Water. Use Bottled.
"Simplify this emergency instruction into concise, actionable phrases: I need you to immediately move away from the windows and find a secure room carefully.",Away From Windows. Secure Room.
"Simplify this emergency instruction into concise, actionable phrases: Please apply direct pressure to the wound and elevate the injured area without panicking.",Apply Pressure. Elevate Wound.
"Simplify this emergency instruction into concise, actionable phrases: Without delay, turn off the main gas valve and evacuate the premises and stay calm.",Turn Off Gas. Evacuate.
"Simplify this emergency instruction into concise, actionable phrases: For your safety, please check for breathing and begin cpr if necessary immediately.",Check Breathing. Start CPR.
"Simplify this emergency instruction into concise, actionable phrases: Wear protective equipment before approaching the spill while remaining calm.",Wear Protection. Spill.
"Simplify this emergency instruction into concise, actionable phrases: Attention: activate the fire alarm on your way out of the corridor as instructed.",Activate Alarm. Exit Corridor.
"Simplify this emergency instruction into concise, actionable phrases: Make sure you turn off the main gas valve and evacuate the premises without panicking.",Turn Off Gas. Evacuate.
"Simplify this emergency instruction into concise, actionable phrases: Warning: apply direct pressure to the wound and elevate the injured area and stay calm.",Apply Pressure. Elevate Wound.
"Simplify this emergency instruction into concise, actionable phrases: For your safety, please use the fire extinguisher on the base of the flames without panicking.",Extinguish Fire. Aim at Base.
"Simplify this emergency instruction into concise, actionable phrases: Action required: lock the doors, turn off the lights, and remain silent right now.",Lock Doors. Lights Off. Remain Silent.
"Simplify this emergency instruction into concise, actionable phrases: Emergency: crawl under the smoke to reach the nearest safe exit.",Crawl Under Smoke. Find Exit.
"Simplify this emergency instruction into concise, actionable phrases: Warning: leave your belongings behind and evacuate the building immediately carefully.",Leave Belongings. Evacuate Now.
"Simplify this emergency instruction into concise, actionable phrases: Evacuate the area immediately and watch for falling debris without delay.",Evacuate. Avoid Debris.
"Simplify this emergency instruction into concise, actionable phrases: Action required: drop to the floor, take cover under a sturdy table, and hold on as instructed.",Drop. Cover. Hold On.
"Simplify this emergency instruction into concise, actionable phrases: For your safety, please stay away from electrical outlets and avoid using wired devices without panicking.",Avoid Outlets. No Wired Devices.
"Simplify this emergency instruction into concise, actionable phrases: Make sure you crawl under the smoke to reach the nearest safe exit before the situation worsens.",Crawl Under Smoke. Find Exit.
"Simplify this emergency instruction into concise, actionable phrases: Right now, you need to stay inside your vehicle and wait for emergency responders before the situation worsens.",Stay In Vehicle. Wait.
"Simplify this emergency instruction into concise, actionable phrases: For your safety, please move to higher ground immediately to avoid the floodwaters immediately.",Move Higher. Avoid Flood.
"Simplify this emergency instruction into concise, actionable phrases: Close the door behind you to slow the spread of fire without delay.",Close Door. Slow Fire.
"Simplify this emergency instruction into concise, actionable phrases: I need you to immediately turn off the main gas valve and evacuate the premises as soon as possible.",Turn Off Gas. Evacuate.
"Simplify this emergency instruction into concise, actionable phrases: For your safety, please crawl under the smoke to reach the nearest safe exit while waiting for responders.",Crawl Under Smoke. Find Exit.
"Simplify this emergency instruction into concise, actionable phrases: Quickly stay away from electrical outlets and avoid using wired devices right now.",Avoid Outlets. No Wired Devices.
"Simplify this emergency instruction into concise, actionable phrases: It is very important that you crawl under the smoke to reach the nearest safe exit carefully.",Crawl Under Smoke. Find Exit.
"Simplify this emergency instruction into concise, actionable phrases: Kindly lock the doors, turn off the lights, and remain silent to ensure your safety.",Lock Doors. Lights Off. Remain Silent.
"Simplify this emergency instruction into concise, actionable phrases: Quickly drop to the floor, take cover under a sturdy table, and hold on while waiting for responders.",Drop. Cover. Hold On.
"Simplify this emergency instruction into concise, actionable phrases: Right now, you need to move away from the windows and find a secure room and help others if you can.",Away From Windows. Secure Room.
"Simplify this emergency instruction into concise, actionable phrases: Right now, you need to crawl under the smoke to reach the nearest safe exit immediately.",Crawl Under Smoke. Find Exit.
"Simplify this emergency instruction into concise, actionable phrases: Without delay, take the left exit door and go down the stairs slowly while waiting for responders.",Left. Exit. Stairs. Slowly.
"Simplify this emergency instruction into concise, actionable phrases: Emergency: take the left exit door and go down the stairs slowly.",Left. Exit. Stairs. Slowly.
"Simplify this emergency instruction into concise, actionable phrases: Emergency: stay inside your vehicle and wait for emergency responders right now.",Stay In Vehicle. Wait.
"Simplify this emergency instruction into concise, actionable phrases: Without delay, leave your belongings behind and evacuate the building immediately as soon as possible.",Leave Belongings. Evacuate Now.
"Simplify this emergency instruction into concise, actionable phrases: Please make sure to cover your nose and mouth with a wet cloth and stay low to the ground right now.",Cover Nose. Stay Low.
"Simplify this emergency instruction into concise, actionable phrases: Action required: find a safe place to hide and stay quiet until help arrives as instructed.",Hide. Stay Quiet.
"Simplify this emergency instruction into concise, actionable phrases: For your safety, please do not drink the tap water, use bottled water instead to ensure your safety.",No Tap Water. Use Bottled.
"Simplify this emergency instruction into concise, actionable phrases: You must move away from the windows and find a secure room and help others if you can.",Away From Windows. Secure Room.
"Simplify this emergency instruction into concise, actionable phrases: Quickly stay away from electrical outlets and avoid using wired devices while waiting for responders.",Avoid Outlets. No Wired Devices.
"Simplify this emergency instruction into concise, actionable phrases: Please make sure to leave your belongings behind and evacuate the building immediately before the situation worsens.",Leave Belongings. Evacuate Now.
"Simplify this emergency instruction into concise, actionable phrases: Right now, you need to take the left exit door and go down the stairs slowly as soon as possible.",Left. Exit. Stairs. Slowly.
"Simplify this emergency instruction into concise, actionable phrases: Emergency: drop to the floor, take cover under a sturdy table, and hold on carefully.",Drop. Cover. Hold On.
"Simplify this emergency instruction into concise, actionable phrases: For your safety, please move away from the windows and find a secure room before the situation worsens.",Away From Windows. Secure Room.
"Simplify this emergency instruction into concise, actionable phrases: Quickly use the fire extinguisher on the base of the flames carefully.",Extinguish Fire. Aim at Base.
"Simplify this emergency instruction into concise, actionable phrases: Leave the building immediately and avoid using electrical switches if it is safe to do so.",Leave Building. No Switches.
"Simplify this emergency instruction into concise, actionable phrases: Call emergency medical services immediately and begin CPR if the victim is unresponsive.",Call Emergency. CPR.
"Simplify this emergency instruction into concise, actionable phrases: Warning: leave your belongings behind and evacuate the building immediately while waiting for responders.",Leave Belongings. Evacuate Now.
"Simplify this emergency instruction into concise, actionable phrases: Please do not use the elevators, use the emergency fire stairs as soon as possible.",No Elevators. Use Stairs.
"Simplify this emergency instruction into concise, actionable phrases: Please make sure to call an ambulance and wait outside for them to arrive immediately.",Call Ambulance. Wait Outside.
"Simplify this emergency instruction into concise, actionable phrases: Make sure you cover your nose and mouth with a wet cloth and stay low to the ground before the situation worsens.",Cover Nose. Stay Low.
"Simplify this emergency instruction into concise, actionable phrases: Right now, you need to move away from the windows and find a secure room as soon as possible.",Away From Windows. Secure Room.
"Simplify this emergency instruction into concise, actionable phrases: Emergency: cover your nose and mouth with a wet cloth and stay low to the ground.",Cover Nose. Stay Low.
"Simplify this emergency instruction into concise, actionable phrases: You must take the left exit door and go down the stairs slowly and stay calm.",Left. Exit. Stairs. Slowly.
"Simplify this emergency instruction into concise, actionable phrases: Close the door behind you to slow the spread of fire as quickly as possible.",Close Door. Slow Fire.
"Simplify this emergency instruction into concise, actionable phrases: You must activate the fire alarm on your way out of the corridor carefully.",Activate Alarm. Exit Corridor.
"Simplify this emergency instruction into concise, actionable phrases: Call emergency medical services immediately and begin CPR if the victim is unresponsive while remaining calm.",Call Emergency. CPR.
"Simplify this emergency instruction into concise, actionable phrases: I need you to immediately check for breathing and begin cpr if necessary to ensure your safety.",Check Breathing. Start CPR.
"Simplify this emergency instruction into concise, actionable phrases: Make sure you take the left exit door and go down the stairs slowly and help others if you can.",Left. Exit. Stairs. Slowly.
"Simplify this emergency instruction into concise, actionable phrases: Without delay, turn off the main gas valve and evacuate the premises immediately.",Turn Off Gas. Evacuate.
"Simplify this emergency instruction into concise, actionable phrases: It is very important that you lock the doors, turn off the lights, and remain silent immediately.",Lock Doors. Lights Off. Remain Silent.
"Simplify this emergency instruction into concise, actionable phrases: Right now, you need to turn off the main gas valve and evacuate the premises and stay calm.",Turn Off Gas. Evacuate.
"Simplify this emergency instruction into concise, actionable phrases: It is very important that you secure all loose objects and stay away from glass panels.",Secure Objects. Avoid Glass.
"Simplify this emergency instruction into concise, actionable phrases: Keep the injured person still and monitor breathing as quickly as possible.",Keep Still. Monitor Breathing.
"Simplify this emergency instruction into concise, actionable phrases: Warning: move to higher ground immediately to avoid the floodwaters and stay calm.",Move Higher. Avoid Flood.
"Simplify this emergency instruction into concise, actionable phrases: It is very important that you cover your nose and mouth with a wet cloth and stay low to the ground as instructed.",Cover Nose. Stay Low.
"Simplify this emergency instruction into concise, actionable phrases: For your safety, please cover your nose and mouth with a wet cloth and stay low to the ground and help others if you can.",Cover Nose. Stay Low.
"Simplify this emergency instruction into concise, actionable phrases: Attention: cover your nose and mouth with a wet cloth and stay low to the ground immediately.",Cover Nose. Stay Low.
"Simplify this emergency instruction into concise, actionable phrases: Quickly leave your belongings behind and evacuate the building immediately immediately.",Leave Belongings. Evacuate Now.
"Simplify this emergency instruction into concise, actionable phrases: Kindly lock the doors, turn off the lights, and remain silent and help others if you can.",Lock Doors. Lights Off. Remain Silent.
"Simplify this emergency instruction into concise, actionable phrases: It is very important that you do not drink the tap water, use bottled water instead without panicking.",No Tap Water. Use Bottled.
"Simplify this emergency instruction into concise, actionable phrases: Emergency: cover your nose and mouth with a wet cloth and stay low to the ground carefully.",Cover Nose. Stay Low.
"Simplify this emergency instruction into concise, actionable phrases: Please use the fire extinguisher on the base of the flames as soon as possible.",Extinguish Fire. Aim at Base.
"Simplify this emergency instruction into concise, actionable phrases: Quickly turn off the main gas valve and evacuate the premises as soon as possible.",Turn Off Gas. Evacuate.
"Simplify this emergency instruction into concise, actionable phrases: Please check for breathing and begin cpr if necessary to ensure your safety.",Check Breathing. Start CPR.
"Simplify this emergency instruction into concise, actionable phrases: Kindly lock the doors, turn off the lights, and remain silent immediately.",Lock Doors. Lights Off. Remain Silent.
"Simplify this emergency instruction into concise, actionable phrases: Kindly move away from the windows and find a secure room and stay calm.",Away From Windows. Secure Room.
"Simplify this emergency instruction into concise, actionable phrases: Action required: crawl under the smoke to reach the nearest safe exit while waiting for responders.",Crawl Under Smoke. Find Exit.
"Simplify this emergency instruction into concise, actionable phrases: Emergency: take the left exit door and go down the stairs slowly and stay calm.",Left. Exit. Stairs. Slowly.
"Simplify this emergency instruction into concise, actionable phrases: Quickly use the fire extinguisher on the base of the flames.",Extinguish Fire. Aim at Base.
"Simplify this emergency instruction into concise, actionable phrases: After the shaking ends, evacuate using the stairs while remaining calm.",Shaking Stops. Exit. Stairs.
"Simplify this emergency instruction into concise, actionable phrases: You must cover your nose and mouth with a wet cloth and stay low to the ground before the situation worsens.",Cover Nose. Stay Low.
"Simplify this emergency instruction into concise, actionable phrases: Emergency: cover your nose and mouth with a wet cloth and stay low to the ground as instructed.",Cover Nose. Stay Low.
"Simplify this emergency instruction into concise, actionable phrases: For your safety, please stay away from electrical outlets and avoid using wired devices as instructed.",Avoid Outlets. No Wired Devices.
"Simplify this emergency instruction into concise, actionable phrases: Without delay, do not drink the tap water, use bottled water instead without panicking.",No Tap Water. Use Bottled.
"Simplify this emergency instruction into concise, actionable phrases: Activate the fire alarm before evacuating the building as quickly as possible.",Fire Alarm. Evacuate.
"Simplify this emergency instruction into concise, actionable phrases: I need you to immediately cover your nose and mouth with a wet cloth and stay low to the ground without panicking.",Cover Nose. Stay Low.
"Simplify this emergency instruction into concise, actionable phrases: You must turn off the main gas valve and evacuate the premises carefully.",Turn Off Gas. Evacuate.
"Simplify this emergency instruction into concise, actionable phrases: It is very important that you stay away from electrical outlets and avoid using wired devices before the situation worsens.",Avoid Outlets. No Wired Devices.
"Simplify this emergency instruction into concise, actionable phrases: Emergency: do not use the elevators, use the emergency fire stairs without panicking.",No Elevators. Use Stairs.
"Simplify this emergency instruction into concise, actionable phrases: It is very important that you turn off the main gas valve and evacuate the premises.",Turn Off Gas. Evacuate.
"Simplify this emergency instruction into concise, actionable phrases: For your safety, please drop to the floor, take cover under a sturdy table, and hold on before the situation worsens.",Drop. Cover. Hold On.
"Simplify this emergency instruction into concise, actionable phrases: Emergency: secure all loose objects and stay away from glass panels to ensure your safety.",Secure Objects. Avoid Glass.
"Simplify this emergency instruction into concise, actionable phrases: Right now, you need to take the left exit door and go down the stairs slowly right now.",Left. Exit. Stairs. Slowly.
"Simplify this emergency instruction into concise, actionable phrases: Please make sure to stay inside your vehicle and wait for emergency responders immediately.",Stay In Vehicle. Wait.
"Simplify this emergency instruction into concise, actionable phrases: Make sure you leave your belongings behind and evacuate the building immediately as instructed.",Leave Belongings. Evacuate Now.
"Simplify this emergency instruction into concise, actionable phrases: For your safety, please find a safe place to hide and stay quiet until help arrives while waiting for responders.",Hide. Stay Quiet.
"Simplify this emergency instruction into concise, actionable phrases: Kindly stay inside your vehicle and wait for emergency responders as soon as possible.",Stay In Vehicle. Wait.
"Simplify this emergency instruction into concise, actionable phrases: Make sure you do not use the elevators, use the emergency fire stairs to ensure your safety.",No Elevators. Use Stairs.
"Simplify this emergency instruction into concise, actionable phrases: Warning: leave your belongings behind and evacuate the building immediately as soon as possible.",Leave Belongings. Evacuate Now.
"Simplify this emergency instruction into concise, actionable phrases: Close the door behind you to slow the spread of fire following emergency procedures.",Close Door. Slow Fire.
"Simplify this emergency instruction into concise, actionable phrases: Please make sure to do not drink the tap water, use bottled water instead carefully.",No Tap Water. Use Bottled.
"Simplify this emergency instruction into concise, actionable phrases: Warning: stay inside your vehicle and wait for emergency responders right now.",Stay In Vehicle. Wait.
"Simplify this emergency instruction into concise, actionable phrases: Without delay, do not drink the tap water, use bottled water instead and stay calm.",No Tap Water. Use Bottled.
"Simplify this emergency instruction into concise, actionable phrases: It is very important that you stay inside your vehicle and wait for emergency responders carefully.",Stay In Vehicle. Wait.
"Simplify this emergency instruction into concise, actionable phrases: Emergency: lock the doors, turn off the lights, and remain silent as instructed.",Lock Doors. Lights Off. Remain Silent.
"Simplify this emergency instruction into concise, actionable phrases: Attention: find a safe place to hide and stay quiet until help arrives.",Hide. Stay Quiet.
"Simplify this emergency instruction into concise, actionable phrases: Quickly move to higher ground immediately to avoid the floodwaters to ensure your safety.",Move Higher. Avoid Flood.
"Simplify this emergency instruction into concise, actionable phrases: You must turn off the main gas valve and evacuate the premises immediately.",Turn Off Gas. Evacuate.
"Simplify this emergency instruction into concise, actionable phrases: Run away from the attacker if a safe escape route is available as quickly as possible.",Run. Escape.
"Simplify this emergency instruction into concise, actionable phrases: Right now, you need to turn off the main gas valve and evacuate the premises to ensure your safety.",Turn Off Gas. Evacuate.
"Simplify this emergency instruction into concise, actionable phrases: It is very important that you do not drink the tap water, use bottled water instead.",No Tap Water. Use Bottled.
"Simplify this emergency instruction into concise, actionable phrases: You must leave your belongings behind and evacuate the building immediately before the situation worsens.",Leave Belongings. Evacuate Now.
"Simplify this emergency instruction into concise, actionable phrases: Right now, you need to secure all loose objects and stay away from glass panels carefully.",Secure Objects. Avoid Glass.
"Simplify this emergency instruction into concise, actionable phrases: For your safety, please leave your belongings behind and evacuate the building immediately carefully.",Leave Belongings. Evacuate Now.
"Simplify this emergency instruction into concise, actionable phrases: Warning: turn off the main gas valve and evacuate the premises while waiting for responders.",Turn Off Gas. Evacuate.
"Simplify this emergency instruction into concise, actionable phrases: Make sure you apply direct pressure to the wound and elevate the injured area to ensure your safety.",Apply Pressure. Elevate Wound.
"Simplify this emergency instruction into concise, actionable phrases: Kindly cover your nose and mouth with a wet cloth and stay low to the ground while waiting for responders.",Cover Nose. Stay Low.
"Simplify this emergency instruction into concise, actionable phrases: For your safety, please apply direct pressure to the wound and elevate the injured area as soon as possible.",Apply Pressure. Elevate Wound.
"Simplify this emergency instruction into concise, actionable phrases: Right now, you need to secure all loose objects and stay away from glass panels.",Secure Objects. Avoid Glass.
"Simplify this emergency instruction into concise, actionable phrases: Please activate the fire alarm on your way out of the corridor while waiting for responders.",Activate Alarm. Exit Corridor.
"Simplify this emergency instruction into concise, actionable phrases: I need you to immediately apply direct pressure to the wound and elevate the injured area and help others if you can.",Apply Pressure. Elevate Wound.
"Simplify this emergency instruction into concise, actionable phrases: Make sure you secure all loose objects and stay away from glass panels while waiting for responders.",Secure Objects. Avoid Glass.
"Simplify this emergency instruction into concise, actionable phrases: Attention: apply direct pressure to the wound and elevate the injured area and help others if you can.",Apply Pressure. Elevate Wound.
"Simplify this emergency instruction into concise, actionable phrases: I need you to immediately cover your nose and mouth with a wet cloth and stay low to the ground immediately.",Cover Nose. Stay Low.
"Simplify this emergency instruction into concise, actionable phrases: Move immediately to higher ground and avoid walking through floodwater following emergency procedures.",Higher Ground. Avoid Floodwater.
"Simplify this emergency instruction into concise, actionable phrases: Quickly move away from the windows and find a secure room and help others if you can.",Away From Windows. Secure Room.
"Simplify this emergency instruction into concise, actionable phrases: Please turn off the main gas valve and evacuate the premises as soon as possible.",Turn Off Gas. Evacuate.
"Simplify this emergency instruction into concise, actionable phrases: Action required: turn off the main gas valve and evacuate the premises as instructed.",Turn Off Gas. Evacuate.
"Simplify this emergency instruction into concise, actionable phrases: Quickly move away from the windows and find a secure room right now.",Away From Windows. Secure Room.
"Simplify this emergency instruction into concise, actionable phrases: Warning: do not use the elevators, use the emergency fire stairs while waiting for responders.",No Elevators. Use Stairs.
"Simplify this emergency instruction into concise, actionable phrases: Action required: move to higher ground immediately to avoid the floodwaters before the situation worsens.",Move Higher. Avoid Flood.
"Simplify this emergency instruction into concise, actionable phrases: It is very important that you move to higher ground immediately to avoid the floodwaters and stay calm.",Move Higher. Avoid Flood.
"Simplify this emergency instruction into concise, actionable phrases: Right now, you need to stay inside your vehicle and wait for emergency responders.",Stay In Vehicle. Wait.
"Simplify this emergency instruction into concise, actionable phrases: Make sure you turn off the main gas valve and evacuate the premises before the situation worsens.",Turn Off Gas. Evacuate.
"Simplify this emergency instruction into concise, actionable phrases: Warning: lock the doors, turn off the lights, and remain silent and help others if you can.",Lock Doors. Lights Off. Remain Silent.
"Simplify this emergency instruction into concise, actionable phrases: Kindly do not drink the tap water, use bottled water instead before the situation worsens.",No Tap Water. Use Bottled.
"Simplify this emergency instruction into concise, actionable phrases: Emergency: do not drink the tap water, use bottled water instead without panicking.",No Tap Water. Use Bottled.
"Simplify this emergency instruction into concise, actionable phrases: Quickly take the left exit door and go down the stairs slowly as soon as possible.",Left. Exit. Stairs. Slowly.
"Simplify this emergency instruction into concise, actionable phrases: It is very important that you check for breathing and begin cpr if necessary as soon as possible.",Check Breathing. Start CPR.
"Simplify this emergency instruction into concise, actionable phrases: Make sure you find a safe place to hide and stay quiet until help arrives without panicking.",Hide. Stay Quiet.
"Simplify this emergency instruction into concise, actionable phrases: Warning: move to higher ground immediately to avoid the floodwaters immediately.",Move Higher. Avoid Flood.
"Simplify this emergency instruction into concise, actionable phrases: Warning: drop to the floor, take cover under a sturdy table, and hold on immediately.",Drop. Cover. Hold On.
"Simplify this emergency instruction into concise, actionable phrases: Without delay, turn off the main gas valve and evacuate the premises before the situation worsens.",Turn Off Gas. Evacuate.
"Simplify this emergency instruction into concise, actionable phrases: Without delay, find a safe place to hide and stay quiet until help arrives right now.",Hide. Stay Quiet.
"Simplify this emergency instruction into concise, actionable phrases: Hide in a secure room and silence your mobile phone.",Hide. Silence Phone.
"Simplify this emergency instruction into concise, actionable phrases: You must move away from the windows and find a secure room without panicking.",Away From Windows. Secure Room.
"Simplify this emergency instruction into concise, actionable phrases: Quickly take the left exit door and go down the stairs slowly immediately.",Left. Exit. Stairs. Slowly.
"Simplify this emergency instruction into concise, actionable phrases: Kindly do not use the elevators, use the emergency fire stairs to ensure your safety.",No Elevators. Use Stairs.
"Simplify this emergency instruction into concise, actionable phrases: Emergency: crawl under the smoke to reach the nearest safe exit without panicking.",Crawl Under Smoke. Find Exit.
"Simplify this emergency instruction into concise, actionable phrases: Attention: move away from the windows and find a secure room right now.",Away From Windows. Secure Room.
"Simplify this emergency instruction into concise, actionable phrases: Please make sure to check for breathing and begin cpr if necessary carefully.",Check Breathing. Start CPR.
"Simplify this emergency instruction into concise, actionable phrases: Action required: move to higher ground immediately to avoid the floodwaters while waiting for responders.",Move Higher. Avoid Flood.
"Simplify this emergency instruction into concise, actionable phrases: Without delay, cover your nose and mouth with a wet cloth and stay low to the ground without panicking.",Cover Nose. Stay Low.
"Simplify this emergency instruction into concise, actionable phrases: Kindly do not drink the tap water, use bottled water instead carefully.",No Tap Water. Use Bottled.
"Simplify this emergency instruction into concise, actionable phrases: Action required: do not drink the tap water, use bottled water instead and help others if you can.",No Tap Water. Use Bottled.
"Simplify this emergency instruction into concise, actionable phrases: Warning: apply direct pressure to the wound and elevate the injured area while waiting for responders.",Apply Pressure. Elevate Wound.
"Simplify this emergency instruction into concise, actionable phrases: Quickly secure all loose objects and stay away from glass panels as soon as possible.",Secure Objects. Avoid Glass.
"Simplify this emergency instruction into concise, actionable phrases: Without delay, do not use the elevators, use the emergency fire stairs as instructed.",No Elevators. Use Stairs.
"Simplify this emergency instruction into concise, actionable phrases: Attention: leave your belongings behind and evacuate the building immediately carefully.",Leave Belongings. Evacuate Now.
"Simplify this emergency instruction into concise, actionable phrases: Kindly check for breathing and begin cpr if necessary right now.",Check Breathing. Start CPR.
"Simplify this emergency instruction into concise, actionable phrases: It is very important that you turn off the main gas valve and evacuate the premises right now.",Turn Off Gas. Evacuate.
"Simplify this emergency instruction into concise, actionable phrases: Please make sure to turn off the main gas valve and evacuate the premises while waiting for responders.",Turn Off Gas. Evacuate.
"Simplify this emergency instruction into concise, actionable phrases: Right now, you need to drop to the floor, take cover under a sturdy table, and hold on.",Drop. Cover. Hold On.
"Simplify this emergency instruction into concise, actionable phrases: Evacuate the contaminated area and avoid direct contact with the chemical if it is safe to do so.",Evacuate. Avoid Contact.
"Simplify this emergency instruction into concise, actionable phrases: Warning: apply direct pressure to the wound and elevate the injured area as instructed.",Apply Pressure. Elevate Wound.
"Simplify this emergency instruction into concise, actionable phrases: Without delay, stay away from electrical outlets and avoid using wired devices and stay calm.",Avoid Outlets. No Wired Devices.
"Simplify this emergency instruction into concise, actionable phrases: Action required: take the left exit door and go down the stairs slowly and help others if you can.",Left. Exit. Stairs. Slowly.
"Simplify this emergency instruction into concise, actionable phrases: For your safety, please use the fire extinguisher on the base of the flames as instructed.",Extinguish Fire. Aim at Base.
"Simplify this emergency instruction into concise, actionable phrases: Right now, you need to activate the fire alarm on your way out of the corridor.",Activate Alarm. Exit Corridor.
"Simplify this emergency instruction into concise, actionable phrases: Emergency: do not drink the tap water, use bottled water instead as soon as possible.",No Tap Water. Use Bottled.
"Simplify this emergency instruction into concise, actionable phrases: Attention: stay inside your vehicle and wait for emergency responders without panicking.",Stay In Vehicle. Wait.
"Simplify this emergency instruction into concise, actionable phrases: Drop to the ground, take cover under a sturdy table, and hold on until the shaking stops following emergency procedures.",Drop. Cover. Hold.
"Simplify this emergency instruction into concise, actionable phrases: Quickly leave your belongings behind and evacuate the building immediately and stay calm.",Leave Belongings. Evacuate Now.
"Simplify this emergency instruction into concise, actionable phrases: Please move to higher ground immediately to avoid the floodwaters and stay calm.",Move Higher. Avoid Flood.
"Simplify this emergency instruction into concise, actionable phrases: Emergency: move away from the windows and find a secure room.",Away From Windows. Secure Room.
"Simplify this emergency instruction into concise, actionable phrases: Right now, you need to stay away from electrical outlets and avoid using wired devices to ensure your safety.",Avoid Outlets. No Wired Devices.
"Simplify this emergency instruction into concise, actionable phrases: Make sure you lock the doors, turn off the lights, and remain silent and stay calm.",Lock Doors. Lights Off. Remain Silent.
"Simplify this emergency instruction into concise, actionable phrases: Right now, you need to drop to the floor, take cover under a sturdy table, and hold on without panicking.",Drop. Cover. Hold On.
"Simplify this emergency instruction into concise, actionable phrases: Make sure you secure all loose objects and stay away from glass panels to ensure your safety.",Secure Objects. Avoid Glass.
"Simplify this emergency instruction into concise, actionable phrases: Attention: drop to the floor, take cover under a sturdy table, and hold on.",Drop. Cover. Hold On.
"Simplify this emergency instruction into concise, actionable phrases: Warning: crawl under the smoke to reach the nearest safe exit before the situation worsens.",Crawl Under Smoke. Find Exit.
"Simplify this emergency instruction into concise, actionable phrases: Close the door behind you to slow the spread of fire.",Close Door. Slow Fire.
"Simplify this emergency instruction into concise, actionable phrases: Emergency: take the left exit door and go down the stairs slowly without panicking.",Left. Exit. Stairs. Slowly.
"Simplify this emergency instruction into concise, actionable phrases: I need you to immediately find a safe place to hide and stay quiet until help arrives as soon as possible.",Hide. Stay Quiet.
"Simplify this emergency instruction into concise, actionable phrases: Make sure you apply direct pressure to the wound and elevate the injured area carefully.",Apply Pressure. Elevate Wound.
"Simplify this emergency instruction into concise, actionable phrases: Warning: drop to the floor, take cover under a sturdy table, and hold on and stay calm.",Drop. Cover. Hold On.
"Simplify this emergency instruction into concise, actionable phrases: Action required: move to higher ground immediately to avoid the floodwaters and stay calm.",Move Higher. Avoid Flood.
"Simplify this emergency instruction into concise, actionable phrases: After the shaking ends, evacuate using the stairs.",Shaking Stops. Exit. Stairs.
"Simplify this emergency instruction into concise, actionable phrases: Call emergency medical services immediately and begin CPR if the victim is unresponsive if it is safe to do so.",Call Emergency. CPR.
"Simplify this emergency instruction into concise, actionable phrases: Emergency: do not drink the tap water, use bottled water instead right now.",No Tap Water. Use Bottled.
"Simplify this emergency instruction into concise, actionable phrases: It is very important that you use the fire extinguisher on the base of the flames and help others if you can.",Extinguish Fire. Aim at Base.
"Simplify this emergency instruction into concise, actionable phrases: It is very important that you take the left exit door and go down the stairs slowly and stay calm.",Left. Exit. Stairs. Slowly.
"Simplify this emergency instruction into concise, actionable phrases: Attention: stay away from electrical outlets and avoid using wired devices and stay calm.",Avoid Outlets. No Wired Devices.
"Simplify this emergency instruction into concise, actionable phrases: Right now, you need to do not use the elevators, use the emergency fire stairs before the situation worsens.",No Elevators. Use Stairs.
"Simplify this emergency instruction into concise, actionable phrases: Attention: move away from the windows and find a secure room as instructed.",Away From Windows. Secure Room.
"Simplify this emergency instruction into concise, actionable phrases: Right now, you need to do not use the elevators, use the emergency fire stairs to ensure your safety.",No Elevators. Use Stairs.
"Simplify this emergency instruction into concise, actionable phrases: Make sure you check for breathing and begin cpr if necessary before the situation worsens.",Check Breathing. Start CPR.
"Simplify this emergency instruction into concise, actionable phrases: I need you to immediately drop to the floor, take cover under a sturdy table, and hold on to ensure your safety.",Drop. Cover. Hold On.
"Simplify this emergency instruction into concise, actionable phrases: Without delay, secure all loose objects and stay away from glass panels and help others if you can.",Secure Objects. Avoid Glass.
"Simplify this emergency instruction into concise, actionable phrases: You must secure all loose objects and stay away from glass panels as instructed.",Secure Objects. Avoid Glass.
"Simplify this emergency instruction into concise, actionable phrases: For your safety, please call an ambulance and wait outside for them to arrive before the situation worsens.",Call Ambulance. Wait Outside.
"Simplify this emergency instruction into concise, actionable phrases: Please activate the fire alarm on your way out of the corridor as soon as possible.",Activate Alarm. Exit Corridor.
"Simplify this emergency instruction into concise, actionable phrases: Please make sure to cover your nose and mouth with a wet cloth and stay low to the ground carefully.",Cover Nose. Stay Low.
"Simplify this emergency instruction into concise, actionable phrases: Right now, you need to apply direct pressure to the wound and elevate the injured area without panicking.",Apply Pressure. Elevate Wound.
"Simplify this emergency instruction into concise, actionable phrases: Emergency: take the left exit door and go down the stairs slowly before the situation worsens.",Left. Exit. Stairs. Slowly.
"Simplify this emergency instruction into concise, actionable phrases: Emergency: do not drink the tap water, use bottled water instead immediately.",No Tap Water. Use Bottled.
"Simplify this emergency instruction into concise, actionable phrases: Please make sure to leave your belongings behind and evacuate the building immediately as instructed.",Leave Belongings. Evacuate Now.
"Simplify this emergency instruction into concise, actionable phrases: Kindly activate the fire alarm on your way out of the corridor as instructed.",Activate Alarm. Exit Corridor.
"Simplify this emergency instruction into concise, actionable phrases: Action required: move away from the windows and find a secure room right now.",Away From Windows. Secure Room.
"Simplify this emergency instruction into concise, actionable phrases: Emergency: secure all loose objects and stay away from glass panels right now.",Secure Objects. Avoid Glass.
"Simplify this emergency instruction into concise, actionable phrases: Without delay, do not use the elevators, use the emergency fire stairs before the situation worsens.",No Elevators. Use Stairs.
"Simplify this emergency instruction into concise, actionable phrases: Please stay away from electrical outlets and avoid using wired devices and stay calm.",Avoid Outlets. No Wired Devices.
"Simplify this emergency instruction into concise, actionable phrases: Make sure you activate the fire alarm on your way out of the corridor.",Activate Alarm. Exit Corridor.
"Simplify this emergency instruction into concise, actionable phrases: Evacuate the contaminated area and avoid direct contact with the chemical and assist others nearby.",Evacuate. Avoid Contact.
"Simplify this emergency instruction into concise, actionable phrases: For your safety, please call an ambulance and wait outside for them to arrive immediately.",Call Ambulance. Wait Outside.
"Simplify this emergency instruction into concise, actionable phrases: Quickly find a safe place to hide and stay quiet until help arrives right now.",Hide. Stay Quiet.
"Simplify this emergency instruction into concise, actionable phrases: Kindly stay away from electrical outlets and avoid using wired devices before the situation worsens.",Avoid Outlets. No Wired Devices.
"Simplify this emergency instruction into concise, actionable phrases: It is very important that you activate the fire alarm on your way out of the corridor immediately.",Activate Alarm. Exit Corridor.
"Simplify this emergency instruction into concise, actionable phrases: Emergency: do not use the elevators, use the emergency fire stairs immediately.",No Elevators. Use Stairs.
"Simplify this emergency instruction into concise, actionable phrases: I need you to immediately check for breathing and begin cpr if necessary.",Check Breathing. Start CPR.
"Simplify this emergency instruction into concise, actionable phrases: Right now, you need to apply direct pressure to the wound and elevate the injured area carefully.",Apply Pressure. Elevate Wound.
"Simplify this emergency instruction into concise, actionable phrases: Emergency: turn off the main gas valve and evacuate the premises immediately.",Turn Off Gas. Evacuate.
"Simplify this emergency instruction into concise, actionable phrases: Attention: turn off the main gas valve and evacuate the premises carefully.",Turn Off Gas. Evacuate.
"Simplify this emergency instruction into concise, actionable phrases: It is very important that you do not drink the tap water, use bottled water instead as soon as possible.",No Tap Water. Use Bottled.
"Simplify this emergency instruction into concise, actionable phrases: Kindly take the left exit door and go down the stairs slowly as soon as possible.",Left. Exit. Stairs. Slowly.
"Simplify this emergency instruction into concise, actionable phrases: It is very important that you lock the doors, turn off the lights, and remain silent without panicking.",Lock Doors. Lights Off. Remain Silent.
"Simplify this emergency instruction into concise, actionable phrases: For your safety, please move to higher ground immediately to avoid the floodwaters right now.",Move Higher. Avoid Flood.
"Simplify this emergency instruction into concise, actionable phrases: You must drop to the floor, take cover under a sturdy table, and hold on immediately.",Drop. Cover. Hold On.
"Simplify this emergency instruction into concise, actionable phrases: Without delay, secure all loose objects and stay away from glass panels right now.",Secure Objects. Avoid Glass.
"Simplify this emergency instruction into concise, actionable phrases: Please move to higher ground immediately to avoid the floodwaters to ensure your safety.",Move Higher. Avoid Flood.
"Simplify this emergency instruction into concise, actionable phrases: Emergency: turn off the main gas valve and evacuate the premises.",Turn Off Gas. Evacuate.
"Simplify this emergency instruction into concise, actionable phrases: For your safety, please do not drink the tap water, use bottled water instead immediately.",No Tap Water. Use Bottled.
"Simplify this emergency instruction into concise, actionable phrases: Kindly use the fire extinguisher on the base of the flames before the situation worsens.",Extinguish Fire. Aim at Base.
"Simplify this emergency instruction into concise, actionable phrases: Right now, you need to stay inside your vehicle and wait for emergency responders to ensure your safety.",Stay In Vehicle. Wait.
"Simplify this emergency instruction into concise, actionable phrases: Without delay, secure all loose objects and stay away from glass panels while waiting for responders.",Secure Objects. Avoid Glass.
"Simplify this emergency instruction into concise, actionable phrases: Action required: use the fire extinguisher on the base of the flames without panicking.",Extinguish Fire. Aim at Base.
"Simplify this emergency instruction into concise, actionable phrases: Please make sure to stay inside your vehicle and wait for emergency responders and help others if you can.",Stay In Vehicle. Wait.
"Simplify this emergency instruction into concise, actionable phrases: Wear protective equipment before approaching the spill and assist others nearby.",Wear Protection. Spill.
"Simplify this emergency instruction into concise, actionable phrases: Action required: use the fire extinguisher on the base of the flames and help others if you can.",Extinguish Fire. Aim at Base.
"Simplify this emergency instruction into concise, actionable phrases: I need you to immediately stay inside your vehicle and wait for emergency responders without panicking.",Stay In Vehicle. Wait.
"Simplify this emergency instruction into concise, actionable phrases: Action required: apply direct pressure to the wound and elevate the injured area carefully.",Apply Pressure. Elevate Wound.
"Simplify this emergency instruction into concise, actionable phrases: Make sure you turn off the main gas valve and evacuate the premises as soon as possible.",Turn Off Gas. Evacuate.
"Simplify this emergency instruction into concise, actionable phrases: Turn off electricity if it is safe before leaving the building while remaining calm.",Power Off. Evacuate.
"Simplify this emergency instruction into concise, actionable phrases: Please move away from the windows and find a secure room carefully.",Away From Windows. Secure Room.
"Simplify this emergency instruction into concise, actionable phrases: Close the door behind you to slow the spread of fire if it is safe to do so.",Close Door. Slow Fire.
"Simplify this emergency instruction into concise, actionable phrases: Emergency: activate the fire alarm on your way out of the corridor as soon as possible.",Activate Alarm. Exit Corridor.
"Simplify this emergency instruction into concise, actionable phrases: Right now, you need to drop to the floor, take cover under a sturdy table, and hold on as soon as possible.",Drop. Cover. Hold On.
"Simplify this emergency instruction into concise, actionable phrases: Without delay, leave your belongings behind and evacuate the building immediately as instructed.",Leave Belongings. Evacuate Now.
"Simplify this emergency instruction into concise, actionable phrases: Without delay, check for breathing and begin cpr if necessary as instructed.",Check Breathing. Start CPR.
"Simplify this emergency instruction into concise, actionable phrases: Lock and barricade the door until authorities arrive.",Lock Door. Barricade.
"Simplify this emergency instruction into concise, actionable phrases: Please call an ambulance and wait outside for them to arrive before the situation worsens.",Call Ambulance. Wait Outside.
"Simplify this emergency instruction into concise, actionable phrases: You must do not use the elevators, use the emergency fire stairs right now.",No Elevators. Use Stairs.
"Simplify this emergency instruction into concise, actionable phrases: Kindly stay away from electrical outlets and avoid using wired devices right now.",Avoid Outlets. No Wired Devices.
"Simplify this emergency instruction into concise, actionable phrases: For your safety, please stay inside your vehicle and wait for emergency responders as soon as possible.",Stay In Vehicle. Wait.
"Simplify this emergency instruction into concise, actionable phrases: Right now, you need to leave your belongings behind and evacuate the building immediately without panicking.",Leave Belongings. Evacuate Now.
"Simplify this emergency instruction into concise, actionable phrases: Kindly stay inside your vehicle and wait for emergency responders to ensure your safety.",Stay In Vehicle. Wait.
"Simplify this emergency instruction into concise, actionable phrases: Without delay, call an ambulance and wait outside for them to arrive to ensure your safety.",Call Ambulance. Wait Outside.
"Simplify this emergency instruction into concise, actionable phrases: Right now, you need to call an ambulance and wait outside for them to arrive right now.",Call Ambulance. Wait Outside.
"Simplify this emergency instruction into concise, actionable phrases: For your safety, please find a safe place to hide and stay quiet until help arrives and stay calm.",Hide. Stay Quiet.
"Simplify this emergency instruction into concise, actionable phrases: Please make sure to leave your belongings behind and evacuate the building immediately to ensure your safety.",Leave Belongings. Evacuate Now.
"Simplify this emergency instruction into concise, actionable phrases: Attention: do not drink the tap water, use bottled water instead as soon as possible.",No Tap Water. Use Bottled.
"Simplify this emergency instruction into concise, actionable phrases: Emergency: lock the doors, turn off the lights, and remain silent without panicking.",Lock Doors. Lights Off. Remain Silent.
"Simplify this emergency instruction into concise, actionable phrases: Please make sure to do not drink the tap water, use bottled water instead without panicking.",No Tap Water. Use Bottled.
"Simplify this emergency instruction into concise, actionable phrases: Turn off electricity if it is safe before leaving the building if it is safe to do so.",Power Off. Evacuate.
"Simplify this emergency instruction into concise, actionable phrases: Kindly secure all loose objects and stay away from glass panels without panicking.",Secure Objects. Avoid Glass.
"Simplify this emergency instruction into concise, actionable phrases: Make sure you secure all loose objects and stay away from glass panels carefully.",Secure Objects. Avoid Glass.
"Simplify this emergency instruction into concise, actionable phrases: I need you to immediately crawl under the smoke to reach the nearest safe exit before the situation worsens.",Crawl Under Smoke. Find Exit.
"Simplify this emergency instruction into concise, actionable phrases: Please make sure to drop to the floor, take cover under a sturdy table, and hold on and stay calm.",Drop. Cover. Hold On.
"Simplify this emergency instruction into concise, actionable phrases: Action required: secure all loose objects and stay away from glass panels to ensure your safety.",Secure Objects. Avoid Glass.
"Simplify this emergency instruction into concise, actionable phrases: Kindly move away from the windows and find a secure room right now.",Away From Windows. Secure Room.
"Simplify this emergency instruction into concise, actionable phrases: You must secure all loose objects and stay away from glass panels immediately.",Secure Objects. Avoid Glass.
"Simplify this emergency instruction into concise, actionable phrases: You must crawl under the smoke to reach the nearest safe exit as instructed.",Crawl Under Smoke. Find Exit.
"Simplify this emergency instruction into concise, actionable phrases: Right now, you need to apply direct pressure to the wound and elevate the injured area as soon as possible.",Apply Pressure. Elevate Wound.
"Simplify this emergency instruction into concise, actionable phrases: Warning: move away from the windows and find a secure room as instructed.",Away From Windows. Secure Room.
"Simplify this emergency instruction into concise, actionable phrases: Please make sure to call an ambulance and wait outside for them to arrive while waiting for responders.",Call Ambulance. Wait Outside.
"Simplify this emergency instruction into concise, actionable phrases: Action required: secure all loose objects and stay away from glass panels.",Secure Objects. Avoid Glass.
"Simplify this emergency instruction into concise, actionable phrases: Without delay, do not drink the tap water, use bottled water instead carefully.",No Tap Water. Use Bottled.
"Simplify this emergency instruction into concise, actionable phrases: For your safety, please leave your belongings behind and evacuate the building immediately as soon as possible.",Leave Belongings. Evacuate Now.
"Simplify this emergency instruction into concise, actionable phrases: Move away from windows and heavy furniture immediately and assist others nearby.",Away. Windows. Furniture.
"Simplify this emergency instruction into concise, actionable phrases: Move inland to higher ground immediately after the warning immediately.",Inland. Higher Ground.
"Simplify this emergency instruction into concise, actionable phrases: Action required: check for breathing and begin cpr if necessary without panicking.",Check Breathing. Start CPR.
"Simplify this emergency instruction into concise, actionable phrases: Please make sure to move to higher ground immediately to avoid the floodwaters.",Move Higher. Avoid Flood.
"Simplify this emergency instruction into concise, actionable phrases: Make sure you call an ambulance and wait outside for them to arrive carefully.",Call Ambulance. Wait Outside.
"Simplify this emergency instruction into concise, actionable phrases: Action required: use the fire extinguisher on the base of the flames as instructed.",Extinguish Fire. Aim at Base.
"Simplify this emergency instruction into concise, actionable phrases: Make sure you do not use the elevators, use the emergency fire stairs as instructed.",No Elevators. Use Stairs.
"Simplify this emergency instruction into concise, actionable phrases: I need you to immediately use the fire extinguisher on the base of the flames while waiting for responders.",Extinguish Fire. Aim at Base.
"Simplify this emergency instruction into concise, actionable phrases: Attention: crawl under the smoke to reach the nearest safe exit and stay calm.",Crawl Under Smoke. Find Exit.
"Simplify this emergency instruction into concise, actionable phrases: Without delay, apply direct pressure to the wound and elevate the injured area immediately.",Apply Pressure. Elevate Wound.
"Simplify this emergency instruction into concise, actionable phrases: Please stay away from electrical outlets and avoid using wired devices.",Avoid Outlets. No Wired Devices.
"Simplify this emergency instruction into concise, actionable phrases: Right now, you need to do not use the elevators, use the emergency fire stairs while waiting for responders.",No Elevators. Use Stairs.
"Simplify this emergency instruction into concise, actionable phrases: Make sure you drop to the floor, take cover under a sturdy table, and hold on while waiting for responders.",Drop. Cover. Hold On.
"Simplify this emergency instruction into concise, actionable phrases: Make sure you find a safe place to hide and stay quiet until help arrives as instructed.",Hide. Stay Quiet.
"Simplify this emergency instruction into concise, actionable phrases: Attention: check for breathing and begin cpr if necessary without panicking.",Check Breathing. Start CPR.
"Simplify this emergency instruction into concise, actionable phrases: Without delay, leave your belongings behind and evacuate the building immediately and help others if you can.",Leave Belongings. Evacuate Now.
"Simplify this emergency instruction into concise, actionable phrases: Make sure you move to higher ground immediately to avoid the floodwaters before the situation worsens.",Move Higher. Avoid Flood.
"Simplify this emergency instruction into concise, actionable phrases: Quickly activate the fire alarm on your way out of the corridor carefully.",Activate Alarm. Exit Corridor.
"Simplify this emergency instruction into concise, actionable phrases: Make sure you move to higher ground immediately to avoid the floodwaters to ensure your safety.",Move Higher. Avoid Flood.
"Simplify this emergency instruction into concise, actionable phrases: For your safety, please leave your belongings behind and evacuate the building immediately before the situation worsens.",Leave Belongings. Evacuate Now.
"Simplify this emergency instruction into concise, actionable phrases: Warning: call an ambulance and wait outside for them to arrive and help others if you can.",Call Ambulance. Wait Outside.
"Simplify this emergency instruction into concise, actionable phrases: Action required: stay inside your vehicle and wait for emergency responders as instructed.",Stay In Vehicle. Wait.
"Simplify this emergency instruction into concise, actionable phrases: Stay low to avoid smoke inhalation while moving toward the exit without delay.",Stay Low. Avoid Smoke. Exit.
"Simplify this emergency instruction into concise, actionable phrases: Kindly leave your belongings behind and evacuate the building immediately.",Leave Belongings. Evacuate Now.
"Simplify this emergency instruction into concise, actionable phrases: Kindly stay away from electrical outlets and avoid using wired devices as soon as possible.",Avoid Outlets. No Wired Devices.
"Simplify this emergency instruction into concise, actionable phrases: It is very important that you turn off the main gas valve and evacuate the premises without panicking.",Turn Off Gas. Evacuate.
"Simplify this emergency instruction into concise, actionable phrases: Kindly move away from the windows and find a secure room and help others if you can.",Away From Windows. Secure Room.
"Simplify this emergency instruction into concise, actionable phrases: Quickly stay away from electrical outlets and avoid using wired devices immediately.",Avoid Outlets. No Wired Devices.
"Simplify this emergency instruction into concise, actionable phrases: Emergency: activate the fire alarm on your way out of the corridor while waiting for responders.",Activate Alarm. Exit Corridor.
"Simplify this emergency instruction into concise, actionable phrases: Right now, you need to use the fire extinguisher on the base of the flames immediately.",Extinguish Fire. Aim at Base.
"Simplify this emergency instruction into concise, actionable phrases: Attention: cover your nose and mouth with a wet cloth and stay low to the ground carefully.",Cover Nose. Stay Low.
"Simplify this emergency instruction into concise, actionable phrases: Make sure you secure all loose objects and stay away from glass panels as soon as possible.",Secure Objects. Avoid Glass.
"Simplify this emergency instruction into concise, actionable phrases: Hide in a secure room and silence your mobile phone immediately.",Hide. Silence Phone.
"Simplify this emergency instruction into concise, actionable phrases: Quickly crawl under the smoke to reach the nearest safe exit right now.",Crawl Under Smoke. Find Exit.
"Simplify this emergency instruction into concise, actionable phrases: Quickly cover your nose and mouth with a wet cloth and stay low to the ground immediately.",Cover Nose. Stay Low.
"Simplify this emergency instruction into concise, actionable phrases: You must secure all loose objects and stay away from glass panels and help others if you can.",Secure Objects. Avoid Glass.
"Simplify this emergency instruction into concise, actionable phrases: Without delay, use the fire extinguisher on the base of the flames immediately.",Extinguish Fire. Aim at Base.
"Simplify this emergency instruction into concise, actionable phrases: Kindly activate the fire alarm on your way out of the corridor carefully.",Activate Alarm. Exit Corridor.
"Simplify this emergency instruction into concise, actionable phrases: You must turn off the main gas valve and evacuate the premises without panicking.",Turn Off Gas. Evacuate.
"Simplify this emergency instruction into concise, actionable phrases: Leave the building immediately and avoid using electrical switches immediately.",Leave Building. No Switches.
"Simplify this emergency instruction into concise, actionable phrases: Kindly activate the fire alarm on your way out of the corridor as soon as possible.",Activate Alarm. Exit Corridor.
"Simplify this emergency instruction into concise, actionable phrases: Right now, you need to do not use the elevators, use the emergency fire stairs.",No Elevators. Use Stairs.
"Simplify this emergency instruction into concise, actionable phrases: Without delay, stay away from electrical outlets and avoid using wired devices and help others if you can.",Avoid Outlets. No Wired Devices.
"Simplify this emergency instruction into concise, actionable phrases: Please leave your belongings behind and evacuate the building immediately as soon as possible.",Leave Belongings. Evacuate Now.
"Simplify this emergency instruction into concise, actionable phrases: Please make sure to leave your belongings behind and evacuate the building immediately and help others if you can.",Leave Belongings. Evacuate Now.
"Simplify this emergency instruction into concise, actionable phrases: You must use the fire extinguisher on the base of the flames and stay calm.",Extinguish Fire. Aim at Base.
"Simplify this emergency instruction into concise, actionable phrases: Right now, you need to cover your nose and mouth with a wet cloth and stay low to the ground right now.",Cover Nose. Stay Low.
"Simplify this emergency instruction into concise, actionable phrases: Action required: move to higher ground immediately to avoid the floodwaters to ensure your safety.",Move Higher. Avoid Flood.
"Simplify this emergency instruction into concise, actionable phrases: Please make sure to drop to the floor, take cover under a sturdy table, and hold on to ensure your safety.",Drop. Cover. Hold On.
"Simplify this emergency instruction into concise, actionable phrases: Right now, you need to check for breathing and begin cpr if necessary to ensure your safety.",Check Breathing. Start CPR.
"Simplify this emergency instruction into concise, actionable phrases: Do not re-enter the building until authorized immediately.",No Reentry. Wait Authorization.
"Simplify this emergency instruction into concise, actionable phrases: Warning: find a safe place to hide and stay quiet until help arrives to ensure your safety.",Hide. Stay Quiet.
"Simplify this emergency instruction into concise, actionable phrases: Kindly find a safe place to hide and stay quiet until help arrives to ensure your safety.",Hide. Stay Quiet.
"Simplify this emergency instruction into concise, actionable phrases: Make sure you call an ambulance and wait outside for them to arrive before the situation worsens.",Call Ambulance. Wait Outside.
"Simplify this emergency instruction into concise, actionable phrases: Right now, you need to call an ambulance and wait outside for them to arrive without panicking.",Call Ambulance. Wait Outside.
"Simplify this emergency instruction into concise, actionable phrases: Action required: drop to the floor, take cover under a sturdy table, and hold on and help others if you can.",Drop. Cover. Hold On.
"Simplify this emergency instruction into concise, actionable phrases: For your safety, please do not use the elevators, use the emergency fire stairs as instructed.",No Elevators. Use Stairs.
"Simplify this emergency instruction into concise, actionable phrases: I need you to immediately stay away from electrical outlets and avoid using wired devices as instructed.",Avoid Outlets. No Wired Devices.
"Simplify this emergency instruction into concise, actionable phrases: Activate the fire alarm before evacuating the building.",Fire Alarm. Evacuate.
"Simplify this emergency instruction into concise, actionable phrases: Right now, you need to drop to the floor, take cover under a sturdy table, and hold on as instructed.",Drop. Cover. Hold On.
"Simplify this emergency instruction into concise, actionable phrases: Warning: check for breathing and begin cpr if necessary.",Check Breathing. Start CPR.
"Simplify this emergency instruction into concise, actionable phrases: You must do not use the elevators, use the emergency fire stairs and help others if you can.",No Elevators. Use Stairs.
"Simplify this emergency instruction into concise, actionable phrases: Kindly use the fire extinguisher on the base of the flames right now.",Extinguish Fire. Aim at Base.
"Simplify this emergency instruction into concise, actionable phrases: Action required: drop to the floor, take cover under a sturdy table, and hold on before the situation worsens.",Drop. Cover. Hold On.
"Simplify this emergency instruction into concise, actionable phrases: Right now, you need to turn off the main gas valve and evacuate the premises while waiting for responders.",Turn Off Gas. Evacuate.
"Simplify this emergency instruction into concise, actionable phrases: You must cover your nose and mouth with a wet cloth and stay low to the ground as instructed.",Cover Nose. Stay Low.
"Simplify this emergency instruction into concise, actionable phrases: Emergency: move to higher ground immediately to avoid the floodwaters right now.",Move Higher. Avoid Flood.
"Simplify this emergency instruction into concise, actionable phrases: Right now, you need to crawl under the smoke to reach the nearest safe exit as instructed.",Crawl Under Smoke. Find Exit.
"Simplify this emergency instruction into concise, actionable phrases: Warning: stay away from electrical outlets and avoid using wired devices and stay calm.",Avoid Outlets. No Wired Devices.
"Simplify this emergency instruction into concise, actionable phrases: Quickly crawl under the smoke to reach the nearest safe exit before the situation worsens.",Crawl Under Smoke. Find Exit.
"Simplify this emergency instruction into concise, actionable phrases: For your safety, please take the left exit door and go down the stairs slowly as soon as possible.",Left. Exit. Stairs. Slowly.
"Simplify this emergency instruction into concise, actionable phrases: Attention: activate the fire alarm on your way out of the corridor.",Activate Alarm. Exit Corridor.
"Simplify this emergency instruction into concise, actionable phrases: Quickly secure all loose objects and stay away from glass panels.",Secure Objects. Avoid Glass.
"Simplify this emergency instruction into concise, actionable phrases: Kindly move away from the windows and find a secure room as soon as possible.",Away From Windows. Secure Room.
"Simplify this emergency instruction into concise, actionable phrases: Quickly move away from the windows and find a secure room carefully.",Away From Windows. Secure Room.
"Simplify this emergency instruction into concise, actionable phrases: Without delay, move away from the windows and find a secure room without panicking.",Away From Windows. Secure Room.
"Simplify this emergency instruction into concise, actionable phrases: Wear protective equipment before approaching the spill.",Wear Protection. Spill.
"Simplify this emergency instruction into concise, actionable phrases: Quickly find a safe place to hide and stay quiet until help arrives before the situation worsens.",Hide. Stay Quiet.
"Simplify this emergency instruction into concise, actionable phrases: Leave the building immediately and avoid using electrical switches without delay.",Leave Building. No Switches.
"Simplify this emergency instruction into concise, actionable phrases: Quickly activate the fire alarm on your way out of the corridor.",Activate Alarm. Exit Corridor.
"Simplify this emergency instruction into concise, actionable phrases: Emergency: call an ambulance and wait outside for them to arrive without panicking.",Call Ambulance. Wait Outside.
"Simplify this emergency instruction into concise, actionable phrases: Attention: use the fire extinguisher on the base of the flames to ensure your safety.",Extinguish Fire. Aim at Base.
"Simplify this emergency instruction into concise, actionable phrases: Kindly activate the fire alarm on your way out of the corridor before the situation worsens.",Activate Alarm. Exit Corridor.
"Simplify this emergency instruction into concise, actionable phrases: It is very important that you take the left exit door and go down the stairs slowly as soon as possible.",Left. Exit. Stairs. Slowly.
"Simplify this emergency instruction into concise, actionable phrases: I need you to immediately activate the fire alarm on your way out of the corridor to ensure your safety.",Activate Alarm. Exit Corridor.
"Simplify this emergency instruction into concise, actionable phrases: Please make sure to do not use the elevators, use the emergency fire stairs without panicking.",No Elevators. Use Stairs.
"Simplify this emergency instruction into concise, actionable phrases: Emergency: do not drink the tap water, use bottled water instead to ensure your safety.",No Tap Water. Use Bottled.
"Simplify this emergency instruction into concise, actionable phrases: Warning: turn off the main gas valve and evacuate the premises immediately.",Turn Off Gas. Evacuate.
"Simplify this emergency instruction into concise, actionable phrases: Kindly move to higher ground immediately to avoid the floodwaters to ensure your safety.",Move Higher. Avoid Flood.
"Simplify this emergency instruction into concise, actionable phrases: Action required: stay away from electrical outlets and avoid using wired devices without panicking.",Avoid Outlets. No Wired Devices.
"Simplify this emergency instruction into concise, actionable phrases: Emergency: move away from the windows and find a secure room before the situation worsens.",Away From Windows. Secure Room.
"Simplify this emergency instruction into concise, actionable phrases: Kindly crawl under the smoke to reach the nearest safe exit as soon as possible.",Crawl Under Smoke. Find Exit.
"Simplify this emergency instruction into concise, actionable phrases: Attention: use the fire extinguisher on the base of the flames while waiting for responders.",Extinguish Fire. Aim at Base.
"Simplify this emergency instruction into concise, actionable phrases: For your safety, please apply direct pressure to the wound and elevate the injured area as instructed.",Apply Pressure. Elevate Wound.
"Simplify this emergency instruction into concise, actionable phrases: You must stay inside your vehicle and wait for emergency responders as instructed.",Stay In Vehicle. Wait.
"Simplify this emergency instruction into concise, actionable phrases: Make sure you stay inside your vehicle and wait for emergency responders while waiting for responders.",Stay In Vehicle. Wait.
"Simplify this emergency instruction into concise, actionable phrases: For your safety, please stay inside your vehicle and wait for emergency responders immediately.",Stay In Vehicle. Wait.
"Simplify this emergency instruction into concise, actionable phrases: Without delay, stay away from electrical outlets and avoid using wired devices before the situation worsens.",Avoid Outlets. No Wired Devices.
"Simplify this emergency instruction into concise, actionable phrases: Action required: stay inside your vehicle and wait for emergency responders and stay calm.",Stay In Vehicle. Wait.
"Simplify this emergency instruction into concise, actionable phrases: Attention: apply direct pressure to the wound and elevate the injured area while waiting for responders.",Apply Pressure. Elevate Wound.
"Simplify this emergency instruction into concise, actionable phrases: Emergency: lock the doors, turn off the lights, and remain silent before the situation worsens.",Lock Doors. Lights Off. Remain Silent.
"Simplify this emergency instruction into concise, actionable phrases: Please make sure to turn off the main gas valve and evacuate the premises as soon as possible.",Turn Off Gas. Evacuate.
"Simplify this emergency instruction into concise, actionable phrases: Warning: crawl under the smoke to reach the nearest safe exit and help others if you can.",Crawl Under Smoke. Find Exit.
"Simplify this emergency instruction into concise, actionable phrases: For your safety, please do not use the elevators, use the emergency fire stairs carefully.",No Elevators. Use Stairs.
"Simplify this emergency instruction into concise, actionable phrases: Action required: check for breathing and begin cpr if necessary and stay calm.",Check Breathing. Start CPR.
"Simplify this emergency instruction into concise, actionable phrases: Right now, you need to apply direct pressure to the wound and elevate the injured area.",Apply Pressure. Elevate Wound.
"Simplify this emergency instruction into concise, actionable phrases: Please find a safe place to hide and stay quiet until help arrives while waiting for responders.",Hide. Stay Quiet.
"Simplify this emergency instruction into concise, actionable phrases: Quickly do not drink the tap water, use bottled water instead and stay calm.",No Tap Water. Use Bottled.
"Simplify this emergency instruction into concise, actionable phrases: For your safety, please do not use the elevators, use the emergency fire stairs immediately.",No Elevators. Use Stairs.
"Simplify this emergency instruction into concise, actionable phrases: Make sure you leave your belongings behind and evacuate the building immediately to ensure your safety.",Leave Belongings. Evacuate Now.
"Simplify this emergency instruction into concise, actionable phrases: Warning: turn off the main gas valve and evacuate the premises.",Turn Off Gas. Evacuate.
"Simplify this emergency instruction into concise, actionable phrases: Without delay, turn off the main gas valve and evacuate the premises while waiting for responders.",Turn Off Gas. Evacuate.
"Simplify this emergency instruction into concise, actionable phrases: Quickly find a safe place to hide and stay quiet until help arrives as instructed.",Hide. Stay Quiet.
"Simplify this emergency instruction into concise, actionable phrases: Right now, you need to apply direct pressure to the wound and elevate the injured area while waiting for responders.",Apply Pressure. Elevate Wound.
"Simplify this emergency instruction into concise, actionable phrases: It is very important that you do not drink the tap water, use bottled water instead and stay calm.",No Tap Water. Use Bottled.
"Simplify this emergency instruction into concise, actionable phrases: I need you to immediately cover your nose and mouth with a wet cloth and stay low to the ground to ensure your safety.",Cover Nose. Stay Low.
"Simplify this emergency instruction into concise, actionable phrases: For your safety, please lock the doors, turn off the lights, and remain silent immediately.",Lock Doors. Lights Off. Remain Silent.
"Simplify this emergency instruction into concise, actionable phrases: Right now, you need to cover your nose and mouth with a wet cloth and stay low to the ground while waiting for responders.",Cover Nose. Stay Low.
"Simplify this emergency instruction into concise, actionable phrases: I need you to immediately take the left exit door and go down the stairs slowly.",Left. Exit. Stairs. Slowly.
"Simplify this emergency instruction into concise, actionable phrases: For your safety, please do not drink the tap water, use bottled water instead before the situation worsens.",No Tap Water. Use Bottled.
"Simplify this emergency instruction into concise, actionable phrases: It is very important that you move to higher ground immediately to avoid the floodwaters and help others if you can.",Move Higher. Avoid Flood.
"Simplify this emergency instruction into concise, actionable phrases: Make sure you secure all loose objects and stay away from glass panels and help others if you can.",Secure Objects. Avoid Glass.
"Simplify this emergency instruction into concise, actionable phrases: Without delay, do not drink the tap water, use bottled water instead to ensure your safety.",No Tap Water. Use Bottled.
"Simplify this emergency instruction into concise, actionable phrases: Quickly cover your nose and mouth with a wet cloth and stay low to the ground to ensure your safety.",Cover Nose. Stay Low.
"Simplify this emergency instruction into concise, actionable phrases: For your safety, please activate the fire alarm on your way out of the corridor while waiting for responders.",Activate Alarm. Exit Corridor.
"Simplify this emergency instruction into concise, actionable phrases: Warning: lock the doors, turn off the lights, and remain silent as instructed.",Lock Doors. Lights Off. Remain Silent.
"Simplify this emergency instruction into concise, actionable phrases: For your safety, please stay inside your vehicle and wait for emergency responders while waiting for responders.",Stay In Vehicle. Wait.
"Simplify this emergency instruction into concise, actionable phrases: Make sure you drop to the floor, take cover under a sturdy table, and hold on immediately.",Drop. Cover. Hold On.
"Simplify this emergency instruction into concise, actionable phrases: Please drop to the floor, take cover under a sturdy table, and hold on and help others if you can.",Drop. Cover. Hold On.
"Simplify this emergency instruction into concise, actionable phrases: Apply firm pressure to the wound until help arrives if it is safe to do so.",Pressure. Wound.
"Simplify this emergency instruction into concise, actionable phrases: Please make sure to do not use the elevators, use the emergency fire stairs and stay calm.",No Elevators. Use Stairs.
"Simplify this emergency instruction into concise, actionable phrases: Without delay, secure all loose objects and stay away from glass panels immediately.",Secure Objects. Avoid Glass.
"Simplify this emergency instruction into concise, actionable phrases: Make sure you lock the doors, turn off the lights, and remain silent as soon as possible.",Lock Doors. Lights Off. Remain Silent.
"Simplify this emergency instruction into concise, actionable phrases: Please make sure to stay away from electrical outlets and avoid using wired devices as instructed.",Avoid Outlets. No Wired Devices.
"Simplify this emergency instruction into concise, actionable phrases: You must take the left exit door and go down the stairs slowly immediately.",Left. Exit. Stairs. Slowly.
"Simplify this emergency instruction into concise, actionable phrases: Emergency: check for breathing and begin cpr if necessary and stay calm.",Check Breathing. Start CPR.
"Simplify this emergency instruction into concise, actionable phrases: Quickly apply direct pressure to the wound and elevate the injured area immediately.",Apply Pressure. Elevate Wound.
"Simplify this emergency instruction into concise, actionable phrases: Quickly stay inside your vehicle and wait for emergency responders before the situation worsens.",Stay In Vehicle. Wait.
"Simplify this emergency instruction into concise, actionable phrases: Kindly move to higher ground immediately to avoid the floodwaters before the situation worsens.",Move Higher. Avoid Flood.
"Simplify this emergency instruction into concise, actionable phrases: Kindly apply direct pressure to the wound and elevate the injured area before the situation worsens.",Apply Pressure. Elevate Wound.
"Simplify this emergency instruction into concise, actionable phrases: Warning: cover your nose and mouth with a wet cloth and stay low to the ground immediately.",Cover Nose. Stay Low.
"Simplify this emergency instruction into concise, actionable phrases: Make sure you cover your nose and mouth with a wet cloth and stay low to the ground right now.",Cover Nose. Stay Low.
"Simplify this emergency instruction into concise, actionable phrases: Kindly take the left exit door and go down the stairs slowly immediately.",Left. Exit. Stairs. Slowly.
"Simplify this emergency instruction into concise, actionable phrases: Attention: cover your nose and mouth with a wet cloth and stay low to the ground to ensure your safety.",Cover Nose. Stay Low.
"Simplify this emergency instruction into concise, actionable phrases: Kindly leave your belongings behind and evacuate the building immediately and stay calm.",Leave Belongings. Evacuate Now.
"Simplify this emergency instruction into concise, actionable phrases: Emergency: use the fire extinguisher on the base of the flames before the situation worsens.",Extinguish Fire. Aim at Base.
"Simplify this emergency instruction into concise, actionable phrases: Please make sure to cover your nose and mouth with a wet cloth and stay low to the ground and help others if you can.",Cover Nose. Stay Low.
"Simplify this emergency instruction into concise, actionable phrases: Stay low to avoid smoke inhalation while moving toward the exit immediately.",Stay Low. Avoid Smoke. Exit.
"Simplify this emergency instruction into concise, actionable phrases: I need you to immediately find a safe place to hide and stay quiet until help arrives right now.",Hide. Stay Quiet.
"Simplify this emergency instruction into concise, actionable phrases: Warning: stay inside your vehicle and wait for emergency responders without panicking.",Stay In Vehicle. Wait.
"Simplify this emergency instruction into concise, actionable phrases: Action required: leave your belongings behind and evacuate the building immediately right now.",Leave Belongings. Evacuate Now.
"Simplify this emergency instruction into concise, actionable phrases: Kindly stay inside your vehicle and wait for emergency responders carefully.",Stay In Vehicle. Wait.
"Simplify this emergency instruction into concise, actionable phrases: Please do not use the elevators, use the emergency fire stairs and stay calm.",No Elevators. Use Stairs.
"Simplify this emergency instruction into concise, actionable phrases: I need you to immediately use the fire extinguisher on the base of the flames immediately.",Extinguish Fire. Aim at Base.
"Simplify this emergency instruction into concise, actionable phrases: Emergency: call an ambulance and wait outside for them to arrive as soon as possible.",Call Ambulance. Wait Outside.
"Simplify this emergency instruction into concise, actionable phrases: For your safety, please do not drink the tap water, use bottled water instead right now.",No Tap Water. Use Bottled.
"Simplify this emergency instruction into concise, actionable phrases: Emergency: cover your nose and mouth with a wet cloth and stay low to the ground right now.",Cover Nose. Stay Low.
"Simplify this emergency instruction into concise, actionable phrases: Action required: turn off the main gas valve and evacuate the premises while waiting for responders.",Turn Off Gas. Evacuate.
"Simplify this emergency instruction into concise, actionable phrases: Without delay, crawl under the smoke to reach the nearest safe exit as instructed.",Crawl Under Smoke. Find Exit.
"Simplify this emergency instruction into concise, actionable phrases: Attention: drop to the floor, take cover under a sturdy table, and hold on and stay calm.",Drop. Cover. Hold On.
"Simplify this emergency instruction into concise, actionable phrases: Please make sure to activate the fire alarm on your way out of the corridor and help others if you can.",Activate Alarm. Exit Corridor.
"Simplify this emergency instruction into concise, actionable phrases: Without delay, apply direct pressure to the wound and elevate the injured area and help others if you can.",Apply Pressure. Elevate Wound.
"Simplify this emergency instruction into concise, actionable phrases: For your safety, please stay away from electrical outlets and avoid using wired devices carefully.",Avoid Outlets. No Wired Devices.
"Simplify this emergency instruction into concise, actionable phrases: Quickly take the left exit door and go down the stairs slowly.",Left. Exit. Stairs. Slowly.
"Simplify this emergency instruction into concise, actionable phrases: Action required: cover your nose and mouth with a wet cloth and stay low to the ground and help others if you can.",Cover Nose. Stay Low.
"Simplify this emergency instruction into concise, actionable phrases: You must move away from the windows and find a secure room before the situation worsens.",Away From Windows. Secure Room.
"Simplify this emergency instruction into concise, actionable phrases: Please make sure to use the fire extinguisher on the base of the flames without panicking.",Extinguish Fire. Aim at Base.
"Simplify this emergency instruction into concise, actionable phrases: Make sure you call an ambulance and wait outside for them to arrive and help others if you can.",Call Ambulance. Wait Outside.
"Simplify this emergency instruction into concise, actionable phrases: Action required: apply direct pressure to the wound and elevate the injured area without panicking.",Apply Pressure. Elevate Wound.
"Simplify this emergency instruction into concise, actionable phrases: Emergency: stay away from electrical outlets and avoid using wired devices before the situation worsens.",Avoid Outlets. No Wired Devices.
"Simplify this emergency instruction into concise, actionable phrases: Keep the injured person still and monitor breathing following emergency procedures.",Keep Still. Monitor Breathing.
"Simplify this emergency instruction into concise, actionable phrases: You must stay inside your vehicle and wait for emergency responders as soon as possible.",Stay In Vehicle. Wait.
"Simplify this emergency instruction into concise, actionable phrases: Action required: crawl under the smoke to reach the nearest safe exit immediately.",Crawl Under Smoke. Find Exit.
"Simplify this emergency instruction into concise, actionable phrases: Attention: do not use the elevators, use the emergency fire stairs to ensure your safety.",No Elevators. Use Stairs.
"Simplify this emergency instruction into concise, actionable phrases: Emergency: crawl under the smoke to reach the nearest safe exit immediately.",Crawl Under Smoke. Find Exit.
"Simplify this emergency instruction into concise, actionable phrases: Warning: move to higher ground immediately to avoid the floodwaters without panicking.",Move Higher. Avoid Flood.
"Simplify this emergency instruction into concise, actionable phrases: Please make sure to crawl under the smoke to reach the nearest safe exit as soon as possible.",Crawl Under Smoke. Find Exit.
"Simplify this emergency instruction into concise, actionable phrases: Warning: turn off the main gas valve and evacuate the premises without panicking.",Turn Off Gas. Evacuate.
"Simplify this emergency instruction into concise, actionable phrases: Attention: crawl under the smoke to reach the nearest safe exit and help others if you can.",Crawl Under Smoke. Find Exit.
"Simplify this emergency instruction into concise, actionable phrases: Quickly drop to the floor, take cover under a sturdy table, and hold on as soon as possible.",Drop. Cover. Hold On.
"Simplify this emergency instruction into concise, actionable phrases: Warning: move to higher ground immediately to avoid the floodwaters right now.",Move Higher. Avoid Flood.
"Simplify this emergency instruction into concise, actionable phrases: Attention: lock the doors, turn off the lights, and remain silent carefully.",Lock Doors. Lights Off. Remain Silent.
"Simplify this emergency instruction into concise, actionable phrases: Please make sure to turn off the main gas valve and evacuate the premises and help others if you can.",Turn Off Gas. Evacuate.
"Simplify this emergency instruction into concise, actionable phrases: Without delay, find a safe place to hide and stay quiet until help arrives and help others if you can.",Hide. Stay Quiet.
"Simplify this emergency instruction into concise, actionable phrases: Attention: leave your belongings behind and evacuate the building immediately before the situation worsens.",Leave Belongings. Evacuate Now.
"Simplify this emergency instruction into concise, actionable phrases: Without delay, lock the doors, turn off the lights, and remain silent as instructed.",Lock Doors. Lights Off. Remain Silent.
"Simplify this emergency instruction into concise, actionable phrases: It is very important that you stay inside your vehicle and wait for emergency responders and help others if you can.",Stay In Vehicle. Wait.
"Simplify this emergency instruction into concise, actionable phrases: For your safety, please move away from the windows and find a secure room to ensure your safety.",Away From Windows. Secure Room.
"Simplify this emergency instruction into concise, actionable phrases: For your safety, please crawl under the smoke to reach the nearest safe exit as instructed.",Crawl Under Smoke. Find Exit.
"Simplify this emergency instruction into concise, actionable phrases: Attention: crawl under the smoke to reach the nearest safe exit to ensure your safety.",Crawl Under Smoke. Find Exit.
"Simplify this emergency instruction into concise, actionable phrases: Make sure you stay inside your vehicle and wait for emergency responders as soon as possible.",Stay In Vehicle. Wait.
"Simplify this emergency instruction into concise, actionable phrases: Action required: activate the fire alarm on your way out of the corridor without panicking.",Activate Alarm. Exit Corridor.
"Simplify this emergency instruction into concise, actionable phrases: I need you to immediately do not use the elevators, use the emergency fire stairs before the situation worsens.",No Elevators. Use Stairs.
"Simplify this emergency instruction into concise, actionable phrases: Right now, you need to stay inside your vehicle and wait for emergency responders and help others if you can.",Stay In Vehicle. Wait.
"Simplify this emergency instruction into concise, actionable phrases: Kindly do not use the elevators, use the emergency fire stairs right now.",No Elevators. Use Stairs.
"Simplify this emergency instruction into concise, actionable phrases: For your safety, please leave your belongings behind and evacuate the building immediately and stay calm.",Leave Belongings. Evacuate Now.
"Simplify this emergency instruction into concise, actionable phrases: I need you to immediately drop to the floor, take cover under a sturdy table, and hold on before the situation worsens.",Drop. Cover. Hold On.
"Simplify this emergency instruction into concise, actionable phrases: Move inland to higher ground immediately after the warning if it is safe to do so.",Inland. Higher Ground.
"Simplify this emergency instruction into concise, actionable phrases: Emergency: activate the fire alarm on your way out of the corridor carefully.",Activate Alarm. Exit Corridor.
"Simplify this emergency instruction into concise, actionable phrases: Please make sure to do not use the elevators, use the emergency fire stairs before the situation worsens.",No Elevators. Use Stairs.
"Simplify this emergency instruction into concise, actionable phrases: Report the gas leak from a safe location and assist others nearby.",Safe Location. Report Leak.
"Simplify this emergency instruction into concise, actionable phrases: Stay away from the shoreline until officials declare it safe while remaining calm.",Away Shoreline. Wait Clearance.
"Simplify this emergency instruction into concise, actionable phrases: Attention: move to higher ground immediately to avoid the floodwaters before the situation worsens.",Move Higher. Avoid Flood.
"Simplify this emergency instruction into concise, actionable phrases: You must activate the fire alarm on your way out of the corridor as soon as possible.",Activate Alarm. Exit Corridor.
"Simplify this emergency instruction into concise, actionable phrases: Warning: call an ambulance and wait outside for them to arrive without panicking.",Call Ambulance. Wait Outside.
"Simplify this emergency instruction into concise, actionable phrases: Please stay away from electrical outlets and avoid using wired devices and help others if you can.",Avoid Outlets. No Wired Devices.
"Simplify this emergency instruction into concise, actionable phrases: Go to the lowest floor and stay away from windows while remaining calm.",Lowest Floor. Away Windows.
"Simplify this emergency instruction into concise, actionable phrases: It is very important that you check for breathing and begin cpr if necessary to ensure your safety.",Check Breathing. Start CPR.
"Simplify this emergency instruction into concise, actionable phrases: Please make sure to stay inside your vehicle and wait for emergency responders.",Stay In Vehicle. Wait.
"Simplify this emergency instruction into concise, actionable phrases: It is very important that you do not drink the tap water, use bottled water instead carefully.",No Tap Water. Use Bottled.
"Simplify this emergency instruction into concise, actionable phrases: Please cover your nose and mouth with a wet cloth and stay low to the ground and stay calm.",Cover Nose. Stay Low.
"Simplify this emergency instruction into concise, actionable phrases: Warning: lock the doors, turn off the lights, and remain silent to ensure your safety.",Lock Doors. Lights Off. Remain Silent.
"Simplify this emergency instruction into concise, actionable phrases: Call emergency medical services immediately and begin CPR if the victim is unresponsive immediately.",Call Emergency. CPR.
"Simplify this emergency instruction into concise, actionable phrases: Warning: secure all loose objects and stay away from glass panels as instructed.",Secure Objects. Avoid Glass.
"Simplify this emergency instruction into concise, actionable phrases: I need you to immediately secure all loose objects and stay away from glass panels without panicking.",Secure Objects. Avoid Glass.
"Simplify this emergency instruction into concise, actionable phrases: Please make sure to apply direct pressure to the wound and elevate the injured area.",Apply Pressure. Elevate Wound.
"Simplify this emergency instruction into concise, actionable phrases: Please make sure to drop to the floor, take cover under a sturdy table, and hold on carefully.",Drop. Cover. Hold On.
"Simplify this emergency instruction into concise, actionable phrases: Action required: stay away from electrical outlets and avoid using wired devices and help others if you can.",Avoid Outlets. No Wired Devices.
"Simplify this emergency instruction into concise, actionable phrases: For your safety, please leave your belongings behind and evacuate the building immediately and help others if you can.",Leave Belongings. Evacuate Now.
"Simplify this emergency instruction into concise, actionable phrases: It is very important that you take the left exit door and go down the stairs slowly before the situation worsens.",Left. Exit. Stairs. Slowly.
"Simplify this emergency instruction into concise, actionable phrases: Please make sure to use the fire extinguisher on the base of the flames carefully.",Extinguish Fire. Aim at Base.
"Simplify this emergency instruction into concise, actionable phrases: For your safety, please check for breathing and begin cpr if necessary without panicking.",Check Breathing. Start CPR.
"Simplify this emergency instruction into concise, actionable phrases: Please move away from the windows and find a secure room and stay calm.",Away From Windows. Secure Room.
"Simplify this emergency instruction into concise, actionable phrases: Without delay, call an ambulance and wait outside for them to arrive and help others if you can.",Call Ambulance. Wait Outside.
"Simplify this emergency instruction into concise, actionable phrases: Please make sure to find a safe place to hide and stay quiet until help arrives while waiting for responders.",Hide. Stay Quiet.
"Simplify this emergency instruction into concise, actionable phrases: It is very important that you do not use the elevators, use the emergency fire stairs before the situation worsens.",No Elevators. Use Stairs.
"Simplify this emergency instruction into concise, actionable phrases: Warning: use the fire extinguisher on the base of the flames as instructed.",Extinguish Fire. Aim at Base.
"Simplify this emergency instruction into concise, actionable phrases: You must move to higher ground immediately to avoid the floodwaters carefully.",Move Higher. Avoid Flood.
"Simplify this emergency instruction into concise, actionable phrases: I need you to immediately move away from the windows and find a secure room and stay calm.",Away From Windows. Secure Room.
"Simplify this emergency instruction into concise, actionable phrases: I need you to immediately check for breathing and begin cpr if necessary without panicking.",Check Breathing. Start CPR.
"Simplify this emergency instruction into concise, actionable phrases: Warning: use the fire extinguisher on the base of the flames without panicking.",Extinguish Fire. Aim at Base.
"Simplify this emergency instruction into concise, actionable phrases: You must leave your belongings behind and evacuate the building immediately as instructed.",Leave Belongings. Evacuate Now.
"Simplify this emergency instruction into concise, actionable phrases: I need you to immediately apply direct pressure to the wound and elevate the injured area as soon as possible.",Apply Pressure. Elevate Wound.
"Simplify this emergency instruction into concise, actionable phrases: Kindly crawl under the smoke to reach the nearest safe exit as instructed.",Crawl Under Smoke. Find Exit.
"Simplify this emergency instruction into concise, actionable phrases: Please activate the fire alarm on your way out of the corridor without panicking.",Activate Alarm. Exit Corridor.
"Simplify this emergency instruction into concise, actionable phrases: Warning: stay away from electrical outlets and avoid using wired devices immediately.",Avoid Outlets. No Wired Devices.
"Simplify this emergency instruction into concise, actionable phrases: You must find a safe place to hide and stay quiet until help arrives carefully.",Hide. Stay Quiet.
"Simplify this emergency instruction into concise, actionable phrases: It is very important that you lock the doors, turn off the lights, and remain silent before the situation worsens.",Lock Doors. Lights Off. Remain Silent.
"Simplify this emergency instruction into concise, actionable phrases: Emergency: do not drink the tap water, use bottled water instead and stay calm.",No Tap Water. Use Bottled.
"Simplify this emergency instruction into concise, actionable phrases: Action required: apply direct pressure to the wound and elevate the injured area immediately.",Apply Pressure. Elevate Wound.
"Simplify this emergency instruction into concise, actionable phrases: Right now, you need to activate the fire alarm on your way out of the corridor without panicking.",Activate Alarm. Exit Corridor.
"Simplify this emergency instruction into concise, actionable phrases: Attention: do not use the elevators, use the emergency fire stairs carefully.",No Elevators. Use Stairs.
"Simplify this emergency instruction into concise, actionable phrases: Emergency: lock the doors, turn off the lights, and remain silent and help others if you can.",Lock Doors. Lights Off. Remain Silent.
"Simplify this emergency instruction into concise, actionable phrases: Please make sure to activate the fire alarm on your way out of the corridor as soon as possible.",Activate Alarm. Exit Corridor.
"Simplify this emergency instruction into concise, actionable phrases: Kindly turn off the main gas valve and evacuate the premises before the situation worsens.",Turn Off Gas. Evacuate.
"Simplify this emergency instruction into concise, actionable phrases: Warning: move away from the windows and find a secure room while waiting for responders.",Away From Windows. Secure Room.
"Simplify this emergency instruction into concise, actionable phrases: Make sure you apply direct pressure to the wound and elevate the injured area as soon as possible.",Apply Pressure. Elevate Wound.
"Simplify this emergency instruction into concise, actionable phrases: Apply firm pressure to the wound until help arrives and assist others nearby.",Pressure. Wound.
"Simplify this emergency instruction into concise, actionable phrases: Quickly move away from the windows and find a secure room while waiting for responders.",Away From Windows. Secure Room.
"Simplify this emergency instruction into concise, actionable phrases: Action required: turn off the main gas valve and evacuate the premises without panicking.",Turn Off Gas. Evacuate.
"Simplify this emergency instruction into concise, actionable phrases: I need you to immediately call an ambulance and wait outside for them to arrive and help others if you can.",Call Ambulance. Wait Outside.
"Simplify this emergency instruction into concise, actionable phrases: Kindly crawl under the smoke to reach the nearest safe exit carefully.",Crawl Under Smoke. Find Exit.
"Simplify this emergency instruction into concise, actionable phrases: Warning: do not drink the tap water, use bottled water instead right now.",No Tap Water. Use Bottled.
"Simplify this emergency instruction into concise, actionable phrases: Warning: secure all loose objects and stay away from glass panels and help others if you can.",Secure Objects. Avoid Glass.
"Simplify this emergency instruction into concise, actionable phrases: Right now, you need to drop to the floor, take cover under a sturdy table, and hold on and stay calm.",Drop. Cover. Hold On.
"Simplify this emergency instruction into concise, actionable phrases: Attention: move away from the windows and find a secure room carefully.",Away From Windows. Secure Room.
"Simplify this emergency instruction into concise, actionable phrases: Action required: call an ambulance and wait outside for them to arrive as instructed.",Call Ambulance. Wait Outside.
"Simplify this emergency instruction into concise, actionable phrases: Please make sure to turn off the main gas valve and evacuate the premises right now.",Turn Off Gas. Evacuate.
"Simplify this emergency instruction into concise, actionable phrases: For your safety, please find a safe place to hide and stay quiet until help arrives before the situation worsens.",Hide. Stay Quiet.
"Simplify this emergency instruction into concise, actionable phrases: Right now, you need to crawl under the smoke to reach the nearest safe exit to ensure your safety.",Crawl Under Smoke. Find Exit.
"Simplify this emergency instruction into concise, actionable phrases: For your safety, please cover your nose and mouth with a wet cloth and stay low to the ground as soon as possible.",Cover Nose. Stay Low.
"Simplify this emergency instruction into concise, actionable phrases: For your safety, please stay away from electrical outlets and avoid using wired devices and help others if you can.",Avoid Outlets. No Wired Devices.
"Simplify this emergency instruction into concise, actionable phrases: It is very important that you lock the doors, turn off the lights, and remain silent as instructed.",Lock Doors. Lights Off. Remain Silent.
"Simplify this emergency instruction into concise, actionable phrases: You must take the left exit door and go down the stairs slowly and help others if you can.",Left. Exit. Stairs. Slowly.
"Simplify this emergency instruction into concise, actionable phrases: Without delay, use the fire extinguisher on the base of the flames carefully.",Extinguish Fire. Aim at Base.
"Simplify this emergency instruction into concise, actionable phrases: Please secure all loose objects and stay away from glass panels before the situation worsens.",Secure Objects. Avoid Glass.
"Simplify this emergency instruction into concise, actionable phrases: I need you to immediately call an ambulance and wait outside for them to arrive and stay calm.",Call Ambulance. Wait Outside.
"Simplify this emergency instruction into concise, actionable phrases: Please make sure to lock the doors, turn off the lights, and remain silent and help others if you can.",Lock Doors. Lights Off. Remain Silent.
"Simplify this emergency instruction into concise, actionable phrases: Please make sure to activate the fire alarm on your way out of the corridor without panicking.",Activate Alarm. Exit Corridor.
"Simplify this emergency instruction into concise, actionable phrases: Without delay, secure all loose objects and stay away from glass panels without panicking.",Secure Objects. Avoid Glass.
"Simplify this emergency instruction into concise, actionable phrases: Emergency: stay away from electrical outlets and avoid using wired devices without panicking.",Avoid Outlets. No Wired Devices.
"Simplify this emergency instruction into concise, actionable phrases: I need you to immediately lock the doors, turn off the lights, and remain silent to ensure your safety.",Lock Doors. Lights Off. Remain Silent.
"Simplify this emergency instruction into concise, actionable phrases: Please move to higher ground immediately to avoid the floodwaters right now.",Move Higher. Avoid Flood.
"Simplify this emergency instruction into concise, actionable phrases: Move away from windows and heavy furniture immediately while remaining calm.",Away. Windows. Furniture.
"Simplify this emergency instruction into concise, actionable phrases: Attention: stay away from electrical outlets and avoid using wired devices and help others if you can.",Avoid Outlets. No Wired Devices.
"Simplify this emergency instruction into concise, actionable phrases: I need you to immediately do not drink the tap water, use bottled water instead immediately.",No Tap Water. Use Bottled.
"Simplify this emergency instruction into concise, actionable phrases: Without delay, take the left exit door and go down the stairs slowly carefully.",Left. Exit. Stairs. Slowly.
"Simplify this emergency instruction into concise, actionable phrases: I need you to immediately do not use the elevators, use the emergency fire stairs and help others if you can.",No Elevators. Use Stairs.
"Simplify this emergency instruction into concise, actionable phrases: Without delay, find a safe place to hide and stay quiet until help arrives to ensure your safety.",Hide. Stay Quiet.
"Simplify this emergency instruction into concise, actionable phrases: Emergency: do not use the elevators, use the emergency fire stairs to ensure your safety.",No Elevators. Use Stairs.
"Simplify this emergency instruction into concise, actionable phrases: Quickly activate the fire alarm on your way out of the corridor and help others if you can.",Activate Alarm. Exit Corridor.
"Simplify this emergency instruction into concise, actionable phrases: For your safety, please apply direct pressure to the wound and elevate the injured area while waiting for responders.",Apply Pressure. Elevate Wound.
"Simplify this emergency instruction into concise, actionable phrases: Please stay inside your vehicle and wait for emergency responders before the situation worsens.",Stay In Vehicle. Wait.
"Simplify this emergency instruction into concise, actionable phrases: You must use the fire extinguisher on the base of the flames and help others if you can.",Extinguish Fire. Aim at Base.
"Simplify this emergency instruction into concise, actionable phrases: Without delay, stay inside your vehicle and wait for emergency responders and stay calm.",Stay In Vehicle. Wait.
"Simplify this emergency instruction into concise, actionable phrases: Please stay inside your vehicle and wait for emergency responders immediately.",Stay In Vehicle. Wait.
"Simplify this emergency instruction into concise, actionable phrases: Make sure you do not drink the tap water, use bottled water instead immediately.",No Tap Water. Use Bottled.
"Simplify this emergency instruction into concise, actionable phrases: Attention: use the fire extinguisher on the base of the flames and stay calm.",Extinguish Fire. Aim at Base.
"Simplify this emergency instruction into concise, actionable phrases: You must stay away from electrical outlets and avoid using wired devices and stay calm.",Avoid Outlets. No Wired Devices.
"Simplify this emergency instruction into concise, actionable phrases: Quickly stay away from electrical outlets and avoid using wired devices before the situation worsens.",Avoid Outlets. No Wired Devices.
"Simplify this emergency instruction into concise, actionable phrases: Action required: do not drink the tap water, use bottled water instead as instructed.",No Tap Water. Use Bottled.
"Simplify this emergency instruction into concise, actionable phrases: It is very important that you find a safe place to hide and stay quiet until help arrives and stay calm.",Hide. Stay Quiet.
"Simplify this emergency instruction into concise, actionable phrases: Emergency: move away from the windows and find a secure room as instructed.",Away From Windows. Secure Room.
"Simplify this emergency instruction into concise, actionable phrases: For your safety, please secure all loose objects and stay away from glass panels right now.",Secure Objects. Avoid Glass.
"Simplify this emergency instruction into concise, actionable phrases: Emergency: lock the doors, turn off the lights, and remain silent carefully.",Lock Doors. Lights Off. Remain Silent.
"Simplify this emergency instruction into concise, actionable phrases: Kindly check for breathing and begin cpr if necessary to ensure your safety.",Check Breathing. Start CPR.
"Simplify this emergency instruction into concise, actionable phrases: Without delay, move to higher ground immediately to avoid the floodwaters while waiting for responders.",Move Higher. Avoid Flood.
"Simplify this emergency instruction into concise, actionable phrases: Attention: secure all loose objects and stay away from glass panels as soon as possible.",Secure Objects. Avoid Glass.
"Simplify this emergency instruction into concise, actionable phrases: Make sure you use the fire extinguisher on the base of the flames.",Extinguish Fire. Aim at Base.
"Simplify this emergency instruction into concise, actionable phrases: Emergency: do not use the elevators, use the emergency fire stairs.",No Elevators. Use Stairs.
"Simplify this emergency instruction into concise, actionable phrases: Kindly cover your nose and mouth with a wet cloth and stay low to the ground to ensure your safety.",Cover Nose. Stay Low.
"Simplify this emergency instruction into concise, actionable phrases: Please cover your nose and mouth with a wet cloth and stay low to the ground as instructed.",Cover Nose. Stay Low.
"Simplify this emergency instruction into concise, actionable phrases: Please make sure to leave your belongings behind and evacuate the building immediately as soon as possible.",Leave Belongings. Evacuate Now.
"Simplify this emergency instruction into concise, actionable phrases: I need you to immediately secure all loose objects and stay away from glass panels and stay calm.",Secure Objects. Avoid Glass.
"Simplify this emergency instruction into concise, actionable phrases: Emergency: find a safe place to hide and stay quiet until help arrives as instructed.",Hide. Stay Quiet.
"Simplify this emergency instruction into concise, actionable phrases: You must take the left exit door and go down the stairs slowly as instructed.",Left. Exit. Stairs. Slowly.
"Simplify this emergency instruction into concise, actionable phrases: Kindly activate the fire alarm on your way out of the corridor to ensure your safety.",Activate Alarm. Exit Corridor.
"Simplify this emergency instruction into concise, actionable phrases: Move immediately to higher ground and avoid walking through floodwater and assist others nearby.",Higher Ground. Avoid Floodwater.
"Simplify this emergency instruction into concise, actionable phrases: Kindly use the fire extinguisher on the base of the flames while waiting for responders.",Extinguish Fire. Aim at Base.
"Simplify this emergency instruction into concise, actionable phrases: Keep the injured person still and monitor breathing and assist others nearby.",Keep Still. Monitor Breathing.
"Simplify this emergency instruction into concise, actionable phrases: Kindly apply direct pressure to the wound and elevate the injured area without panicking.",Apply Pressure. Elevate Wound.
"Simplify this emergency instruction into concise, actionable phrases: Attention: turn off the main gas valve and evacuate the premises as soon as possible.",Turn Off Gas. Evacuate.
"Simplify this emergency instruction into concise, actionable phrases: Attention: find a safe place to hide and stay quiet until help arrives carefully.",Hide. Stay Quiet.
"Simplify this emergency instruction into concise, actionable phrases: It is very important that you cover your nose and mouth with a wet cloth and stay low to the ground without panicking.",Cover Nose. Stay Low.
"Simplify this emergency instruction into concise, actionable phrases: Action required: apply direct pressure to the wound and elevate the injured area and help others if you can.",Apply Pressure. Elevate Wound.
"Simplify this emergency instruction into concise, actionable phrases: Without delay, move away from the windows and find a secure room and help others if you can.",Away From Windows. Secure Room.
"Simplify this emergency instruction into concise, actionable phrases: Please use the fire extinguisher on the base of the flames immediately.",Extinguish Fire. Aim at Base.
"Simplify this emergency instruction into concise, actionable phrases: Please drop to the floor, take cover under a sturdy table, and hold on right now.",Drop. Cover. Hold On.
"Simplify this emergency instruction into concise, actionable phrases: For your safety, please crawl under the smoke to reach the nearest safe exit immediately.",Crawl Under Smoke. Find Exit.
"Simplify this emergency instruction into concise, actionable phrases: Action required: crawl under the smoke to reach the nearest safe exit as soon as possible.",Crawl Under Smoke. Find Exit.
"Simplify this emergency instruction into concise, actionable phrases: Please do not use the elevators, use the emergency fire stairs to ensure your safety.",No Elevators. Use Stairs.
"Simplify this emergency instruction into concise, actionable phrases: You must cover your nose and mouth with a wet cloth and stay low to the ground.",Cover Nose. Stay Low.
"Simplify this emergency instruction into concise, actionable phrases: Please make sure to secure all loose objects and stay away from glass panels carefully.",Secure Objects. Avoid Glass.
"Simplify this emergency instruction into concise, actionable phrases: For your safety, please lock the doors, turn off the lights, and remain silent as soon as possible.",Lock Doors. Lights Off. Remain Silent.
"Simplify this emergency instruction into concise, actionable phrases: Right now, you need to stay away from electrical outlets and avoid using wired devices without panicking.",Avoid Outlets. No Wired Devices.
"Simplify this emergency instruction into concise, actionable phrases: It is very important that you use the fire extinguisher on the base of the flames.",Extinguish Fire. Aim at Base.
"Simplify this emergency instruction into concise, actionable phrases: For your safety, please crawl under the smoke to reach the nearest safe exit before the situation worsens.",Crawl Under Smoke. Find Exit.
"Simplify this emergency instruction into concise, actionable phrases: Attention: leave your belongings behind and evacuate the building immediately without panicking.",Leave Belongings. Evacuate Now.
"Simplify this emergency instruction into concise, actionable phrases: Please stay inside your vehicle and wait for emergency responders right now.",Stay In Vehicle. Wait.
"Simplify this emergency instruction into concise, actionable phrases: Please make sure to stay inside your vehicle and wait for emergency responders to ensure your safety.",Stay In Vehicle. Wait.
"Simplify this emergency instruction into concise, actionable phrases: Quickly move to higher ground immediately to avoid the floodwaters before the situation worsens.",Move Higher. Avoid Flood.
"Simplify this emergency instruction into concise, actionable phrases: Please take the left exit door and go down the stairs slowly right now.",Left. Exit. Stairs. Slowly.
"Simplify this emergency instruction into concise, actionable phrases: Kindly crawl under the smoke to reach the nearest safe exit.",Crawl Under Smoke. Find Exit.
"Simplify this emergency instruction into concise, actionable phrases: Warning: apply direct pressure to the wound and elevate the injured area and help others if you can.",Apply Pressure. Elevate Wound.
"Simplify this emergency instruction into concise, actionable phrases: Action required: secure all loose objects and stay away from glass panels before the situation worsens.",Secure Objects. Avoid Glass.
"Simplify this emergency instruction into concise, actionable phrases: Please make sure to stay inside your vehicle and wait for emergency responders before the situation worsens.",Stay In Vehicle. Wait.
"Simplify this emergency instruction into concise, actionable phrases: You must activate the fire alarm on your way out of the corridor.",Activate Alarm. Exit Corridor.
"Simplify this emergency instruction into concise, actionable phrases: Warning: move to higher ground immediately to avoid the floodwaters as instructed.",Move Higher. Avoid Flood.
"Simplify this emergency instruction into concise, actionable phrases: Without delay, call an ambulance and wait outside for them to arrive without panicking.",Call Ambulance. Wait Outside.
"Simplify this emergency instruction into concise, actionable phrases: Kindly stay away from electrical outlets and avoid using wired devices and help others if you can.",Avoid Outlets. No Wired Devices.
"Simplify this emergency instruction into concise, actionable phrases: Right now, you need to leave your belongings behind and evacuate the building immediately.",Leave Belongings. Evacuate Now.
"Simplify this emergency instruction into concise, actionable phrases: It is very important that you cover your nose and mouth with a wet cloth and stay low to the ground to ensure your safety.",Cover Nose. Stay Low.
"Simplify this emergency instruction into concise, actionable phrases: I need you to immediately leave your belongings behind and evacuate the building immediately right now.",Leave Belongings. Evacuate Now.
"Simplify this emergency instruction into concise, actionable phrases: Quickly drop to the floor, take cover under a sturdy table, and hold on to ensure your safety.",Drop. Cover. Hold On.
"Simplify this emergency instruction into concise, actionable phrases: For your safety, please drop to the floor, take cover under a sturdy table, and hold on.",Drop. Cover. Hold On.
"Simplify this emergency instruction into concise, actionable phrases: Action required: take the left exit door and go down the stairs slowly before the situation worsens.",Left. Exit. Stairs. Slowly.
"Simplify this emergency instruction into concise, actionable phrases: Right now, you need to do not drink the tap water, use bottled water instead and stay calm.",No Tap Water. Use Bottled.
"Simplify this emergency instruction into concise, actionable phrases: Warning: call an ambulance and wait outside for them to arrive immediately.",Call Ambulance. Wait Outside.
"Simplify this emergency instruction into concise, actionable phrases: It is very important that you use the fire extinguisher on the base of the flames right now.",Extinguish Fire. Aim at Base.
"Simplify this emergency instruction into concise, actionable phrases: Keep the injured person still and monitor breathing while remaining calm.",Keep Still. Monitor Breathing.
"Simplify this emergency instruction into concise, actionable phrases: Warning: do not drink the tap water, use bottled water instead as instructed.",No Tap Water. Use Bottled.
"Simplify this emergency instruction into concise, actionable phrases: You must cover your nose and mouth with a wet cloth and stay low to the ground immediately.",Cover Nose. Stay Low.
"Simplify this emergency instruction into concise, actionable phrases: Kindly crawl under the smoke to reach the nearest safe exit to ensure your safety.",Crawl Under Smoke. Find Exit.
"Simplify this emergency instruction into concise, actionable phrases: Action required: find a safe place to hide and stay quiet until help arrives and stay calm.",Hide. Stay Quiet.
"Simplify this emergency instruction into concise, actionable phrases: Warning: check for breathing and begin cpr if necessary before the situation worsens.",Check Breathing. Start CPR.
"Simplify this emergency instruction into concise, actionable phrases: Kindly find a safe place to hide and stay quiet until help arrives carefully.",Hide. Stay Quiet.
"Simplify this emergency instruction into concise, actionable phrases: Kindly use the fire extinguisher on the base of the flames as soon as possible.",Extinguish Fire. Aim at Base.
"Simplify this emergency instruction into concise, actionable phrases: Please proceed to the nearest emergency exit immediately and do not use the elevators immediately.",Nearest. Exit. No Elevators.
"Simplify this emergency instruction into concise, actionable phrases: Without delay, cover your nose and mouth with a wet cloth and stay low to the ground and stay calm.",Cover Nose. Stay Low.
"Simplify this emergency instruction into concise, actionable phrases: Attention: use the fire extinguisher on the base of the flames.",Extinguish Fire. Aim at Base.
"Simplify this emergency instruction into concise, actionable phrases: Attention: activate the fire alarm on your way out of the corridor while waiting for responders.",Activate Alarm. Exit Corridor.
"Simplify this emergency instruction into concise, actionable phrases: Right now, you need to lock the doors, turn off the lights, and remain silent.",Lock Doors. Lights Off. Remain Silent.
"Simplify this emergency instruction into concise, actionable phrases: Hide in a secure room and silence your mobile phone while remaining calm.",Hide. Silence Phone.
"Simplify this emergency instruction into concise, actionable phrases: For your safety, please turn off the main gas valve and evacuate the premises as instructed.",Turn Off Gas. Evacuate.
"Simplify this emergency instruction into concise, actionable phrases: Please find a safe place to hide and stay quiet until help arrives right now.",Hide. Stay Quiet.
"Simplify this emergency instruction into concise, actionable phrases: Make sure you move to higher ground immediately to avoid the floodwaters carefully.",Move Higher. Avoid Flood.
"Simplify this emergency instruction into concise, actionable phrases: For your safety, please move to higher ground immediately to avoid the floodwaters and help others if you can.",Move Higher. Avoid Flood.
"Simplify this emergency instruction into concise, actionable phrases: Quickly secure all loose objects and stay away from glass panels right now.",Secure Objects. Avoid Glass.
"Simplify this emergency instruction into concise, actionable phrases: Please check for breathing and begin cpr if necessary right now.",Check Breathing. Start CPR.
"Simplify this emergency instruction into concise, actionable phrases: Kindly secure all loose objects and stay away from glass panels to ensure your safety.",Secure Objects. Avoid Glass.
"Simplify this emergency instruction into concise, actionable phrases: Please make sure to lock the doors, turn off the lights, and remain silent to ensure your safety.",Lock Doors. Lights Off. Remain Silent.
"Simplify this emergency instruction into concise, actionable phrases: Quickly leave your belongings behind and evacuate the building immediately to ensure your safety.",Leave Belongings. Evacuate Now.
"Simplify this emergency instruction into concise, actionable phrases: Please make sure to do not drink the tap water, use bottled water instead and stay calm.",No Tap Water. Use Bottled.
"Simplify this emergency instruction into concise, actionable phrases: Warning: move away from the windows and find a secure room carefully.",Away From Windows. Secure Room.
"Simplify this emergency instruction into concise, actionable phrases: I need you to immediately leave your belongings behind and evacuate the building immediately and stay calm.",Leave Belongings. Evacuate Now.
"Simplify this emergency instruction into concise, actionable phrases: You must check for breathing and begin cpr if necessary carefully.",Check Breathing. Start CPR.
"Simplify this emergency instruction into concise, actionable phrases: Leave the building immediately and avoid using electrical switches while remaining calm.",Leave Building. No Switches.
"Simplify this emergency instruction into concise, actionable phrases: I need you to immediately crawl under the smoke to reach the nearest safe exit as soon as possible.",Crawl Under Smoke. Find Exit.
"Simplify this emergency instruction into concise, actionable phrases: Right now, you need to lock the doors, turn off the lights, and remain silent right now.",Lock Doors. Lights Off. Remain Silent.
"Simplify this emergency instruction into concise, actionable phrases: Please make sure to turn off the main gas valve and evacuate the premises.",Turn Off Gas. Evacuate.
"Simplify this emergency instruction into concise, actionable phrases: Please stay inside your vehicle and wait for emergency responders and stay calm.",Stay In Vehicle. Wait.
"Simplify this emergency instruction into concise, actionable phrases: Without delay, apply direct pressure to the wound and elevate the injured area and stay calm.",Apply Pressure. Elevate Wound.
"Simplify this emergency instruction into concise, actionable phrases: Quickly call an ambulance and wait outside for them to arrive and stay calm.",Call Ambulance. Wait Outside.
"Simplify this emergency instruction into concise, actionable phrases: Please make sure to take the left exit door and go down the stairs slowly without panicking.",Left. Exit. Stairs. Slowly.
"Simplify this emergency instruction into concise, actionable phrases: Without delay, call an ambulance and wait outside for them to arrive immediately.",Call Ambulance. Wait Outside.
"Simplify this emergency instruction into concise, actionable phrases: Action required: leave your belongings behind and evacuate the building immediately immediately.",Leave Belongings. Evacuate Now.
"Simplify this emergency instruction into concise, actionable phrases: Warning: do not use the elevators, use the emergency fire stairs before the situation worsens.",No Elevators. Use Stairs.
"Simplify this emergency instruction into concise, actionable phrases: Please crawl under the smoke to reach the nearest safe exit.",Crawl Under Smoke. Find Exit.
"Simplify this emergency instruction into concise, actionable phrases: Please lock the doors, turn off the lights, and remain silent right now.",Lock Doors. Lights Off. Remain Silent.
"Simplify this emergency instruction into concise, actionable phrases: You must drop to the floor, take cover under a sturdy table, and hold on and help others if you can.",Drop. Cover. Hold On.
"Simplify this emergency instruction into concise, actionable phrases: I need you to immediately check for breathing and begin cpr if necessary immediately.",Check Breathing. Start CPR.
"Simplify this emergency instruction into concise, actionable phrases: Right now, you need to activate the fire alarm on your way out of the corridor and stay calm.",Activate Alarm. Exit Corridor.
"Simplify this emergency instruction into concise, actionable phrases: Right now, you need to do not drink the tap water, use bottled water instead immediately.",No Tap Water. Use Bottled.
"Simplify this emergency instruction into concise, actionable phrases: Quickly move away from the windows and find a secure room as instructed.",Away From Windows. Secure Room.
"Simplify this emergency instruction into concise, actionable phrases: I need you to immediately apply direct pressure to the wound and elevate the injured area immediately.",Apply Pressure. Elevate Wound.
"Simplify this emergency instruction into concise, actionable phrases: It is very important that you lock the doors, turn off the lights, and remain silent.",Lock Doors. Lights Off. Remain Silent.
"Simplify this emergency instruction into concise, actionable phrases: You must leave your belongings behind and evacuate the building immediately to ensure your safety.",Leave Belongings. Evacuate Now.
"Simplify this emergency instruction into concise, actionable phrases: Action required: check for breathing and begin cpr if necessary immediately.",Check Breathing. Start CPR.
"Simplify this emergency instruction into concise, actionable phrases: For your safety, please stay away from electrical outlets and avoid using wired devices immediately.",Avoid Outlets. No Wired Devices.
"Simplify this emergency instruction into concise, actionable phrases: Right now, you need to move to higher ground immediately to avoid the floodwaters as instructed.",Move Higher. Avoid Flood.
"Simplify this emergency instruction into concise, actionable phrases: Make sure you move away from the windows and find a secure room and help others if you can.",Away From Windows. Secure Room.
"Simplify this emergency instruction into concise, actionable phrases: Action required: take the left exit door and go down the stairs slowly without panicking.",Left. Exit. Stairs. Slowly.
"Simplify this emergency instruction into concise, actionable phrases: Quickly apply direct pressure to the wound and elevate the injured area while waiting for responders.",Apply Pressure. Elevate Wound.
"Simplify this emergency instruction into concise, actionable phrases: Warning: leave your belongings behind and evacuate the building immediately without panicking.",Leave Belongings. Evacuate Now.
"Simplify this emergency instruction into concise, actionable phrases: Evacuate the area immediately and watch for falling debris and assist others nearby.",Evacuate. Avoid Debris.
"Simplify this emergency instruction into concise, actionable phrases: Action required: take the left exit door and go down the stairs slowly as soon as possible.",Left. Exit. Stairs. Slowly.
"Simplify this emergency instruction into concise, actionable phrases: Please proceed to the nearest emergency exit immediately and do not use the elevators as quickly as possible.",Nearest. Exit. No Elevators.
"Simplify this emergency instruction into concise, actionable phrases: Emergency: check for breathing and begin cpr if necessary without panicking.",Check Breathing. Start CPR.
"Simplify this emergency instruction into concise, actionable phrases: For your safety, please secure all loose objects and stay away from glass panels immediately.",Secure Objects. Avoid Glass.
"Simplify this emergency instruction into concise, actionable phrases: Please call an ambulance and wait outside for them to arrive as instructed.",Call Ambulance. Wait Outside.
"Simplify this emergency instruction into concise, actionable phrases: Please crawl under the smoke to reach the nearest safe exit before the situation worsens.",Crawl Under Smoke. Find Exit.
"Simplify this emergency instruction into concise, actionable phrases: You must take the left exit door and go down the stairs slowly before the situation worsens.",Left. Exit. Stairs. Slowly.
"Simplify this emergency instruction into concise, actionable phrases: Emergency: secure all loose objects and stay away from glass panels and stay calm.",Secure Objects. Avoid Glass.
"Simplify this emergency instruction into concise, actionable phrases: Please stay inside your vehicle and wait for emergency responders as soon as possible.",Stay In Vehicle. Wait.
"Simplify this emergency instruction into concise, actionable phrases: Right now, you need to call an ambulance and wait outside for them to arrive immediately.",Call Ambulance. Wait Outside.
"Simplify this emergency instruction into concise, actionable phrases: Attention: move to higher ground immediately to avoid the floodwaters to ensure your safety.",Move Higher. Avoid Flood.
"Simplify this emergency instruction into concise, actionable phrases: Turn off electricity if it is safe before leaving the building immediately.",Power Off. Evacuate.
"Simplify this emergency instruction into concise, actionable phrases: Action required: find a safe place to hide and stay quiet until help arrives before the situation worsens.",Hide. Stay Quiet.
"Simplify this emergency instruction into concise, actionable phrases: Quickly cover your nose and mouth with a wet cloth and stay low to the ground and help others if you can.",Cover Nose. Stay Low.
"Simplify this emergency instruction into concise, actionable phrases: Without delay, turn off the main gas valve and evacuate the premises without panicking.",Turn Off Gas. Evacuate.
"Simplify this emergency instruction into concise, actionable phrases: I need you to immediately leave your belongings behind and evacuate the building immediately to ensure your safety.",Leave Belongings. Evacuate Now.
"Simplify this emergency instruction into concise, actionable phrases: Emergency: activate the fire alarm on your way out of the corridor as instructed.",Activate Alarm. Exit Corridor.
"Simplify this emergency instruction into concise, actionable phrases: Without delay, apply direct pressure to the wound and elevate the injured area carefully.",Apply Pressure. Elevate Wound.
"Simplify this emergency instruction into concise, actionable phrases: It is very important that you move to higher ground immediately to avoid the floodwaters before the situation worsens.",Move Higher. Avoid Flood.
"Simplify this emergency instruction into concise, actionable phrases: Action required: secure all loose objects and stay away from glass panels carefully.",Secure Objects. Avoid Glass.
"Simplify this emergency instruction into concise, actionable phrases: For your safety, please drop to the floor, take cover under a sturdy table, and hold on while waiting for responders.",Drop. Cover. Hold On.
"Simplify this emergency instruction into concise, actionable phrases: I need you to immediately drop to the floor, take cover under a sturdy table, and hold on as soon as possible.",Drop. Cover. Hold On.
"Simplify this emergency instruction into concise, actionable phrases: Emergency: turn off the main gas valve and evacuate the premises right now.",Turn Off Gas. Evacuate.
"Simplify this emergency instruction into concise, actionable phrases: You must call an ambulance and wait outside for them to arrive and stay calm.",Call Ambulance. Wait Outside.
"Simplify this emergency instruction into concise, actionable phrases: Quickly use the fire extinguisher on the base of the flames immediately.",Extinguish Fire. Aim at Base.
"Simplify this emergency instruction into concise, actionable phrases: Warning: take the left exit door and go down the stairs slowly and help others if you can.",Left. Exit. Stairs. Slowly.
"Simplify this emergency instruction into concise, actionable phrases: Right now, you need to lock the doors, turn off the lights, and remain silent and help others if you can.",Lock Doors. Lights Off. Remain Silent.
"Simplify this emergency instruction into concise, actionable phrases: Please make sure to find a safe place to hide and stay quiet until help arrives carefully.",Hide. Stay Quiet.
"Simplify this emergency instruction into concise, actionable phrases: It is very important that you do not drink the tap water, use bottled water instead and help others if you can.",No Tap Water. Use Bottled.
"Simplify this emergency instruction into concise, actionable phrases: Without delay, lock the doors, turn off the lights, and remain silent and help others if you can.",Lock Doors. Lights Off. Remain Silent.
"Simplify this emergency instruction into concise, actionable phrases: Move away from windows and heavy furniture immediately immediately.",Away. Windows. Furniture.
"Simplify this emergency instruction into concise, actionable phrases: Warning: do not use the elevators, use the emergency fire stairs without panicking.",No Elevators. Use Stairs.
"Simplify this emergency instruction into concise, actionable phrases: I need you to immediately move to higher ground immediately to avoid the floodwaters before the situation worsens.",Move Higher. Avoid Flood.
"Simplify this emergency instruction into concise, actionable phrases: Quickly do not use the elevators, use the emergency fire stairs immediately.",No Elevators. Use Stairs.
"Simplify this emergency instruction into concise, actionable phrases: Quickly lock the doors, turn off the lights, and remain silent and stay calm.",Lock Doors. Lights Off. Remain Silent.
"Simplify this emergency instruction into concise, actionable phrases: It is very important that you stay inside your vehicle and wait for emergency responders and stay calm.",Stay In Vehicle. Wait.
"Simplify this emergency instruction into concise, actionable phrases: Please call an ambulance and wait outside for them to arrive right now.",Call Ambulance. Wait Outside.
"Simplify this emergency instruction into concise, actionable phrases: Emergency: use the fire extinguisher on the base of the flames without panicking.",Extinguish Fire. Aim at Base.
"Simplify this emergency instruction into concise, actionable phrases: Warning: crawl under the smoke to reach the nearest safe exit immediately.",Crawl Under Smoke. Find Exit.
"Simplify this emergency instruction into concise, actionable phrases: Kindly do not use the elevators, use the emergency fire stairs while waiting for responders.",No Elevators. Use Stairs.
"Simplify this emergency instruction into concise, actionable phrases: You must stay away from electrical outlets and avoid using wired devices carefully.",Avoid Outlets. No Wired Devices.
"Simplify this emergency instruction into concise, actionable phrases: Attention: do not use the elevators, use the emergency fire stairs before the situation worsens.",No Elevators. Use Stairs.
"Simplify this emergency instruction into concise, actionable phrases: You must find a safe place to hide and stay quiet until help arrives right now.",Hide. Stay Quiet.
"Simplify this emergency instruction into concise, actionable phrases: Please make sure to move to higher ground immediately to avoid the floodwaters before the situation worsens.",Move Higher. Avoid Flood.
"Simplify this emergency instruction into concise, actionable phrases: For your safety, please activate the fire alarm on your way out of the corridor to ensure your safety.",Activate Alarm. Exit Corridor.
"Simplify this emergency instruction into concise, actionable phrases: Make sure you call an ambulance and wait outside for them to arrive.",Call Ambulance. Wait Outside.
"Simplify this emergency instruction into concise, actionable phrases: Wear protective equipment before approaching the spill immediately.",Wear Protection. Spill.
"Simplify this emergency instruction into concise, actionable phrases: Without delay, move away from the windows and find a secure room while waiting for responders.",Away From Windows. Secure Room.
"Simplify this emergency instruction into concise, actionable phrases: Warning: do not drink the tap water, use bottled water instead as soon as possible.",No Tap Water. Use Bottled.
"Simplify this emergency instruction into concise, actionable phrases: Run away from the attacker if a safe escape route is available and assist others nearby.",Run. Escape.
"Simplify this emergency instruction into concise, actionable phrases: Attention: apply direct pressure to the wound and elevate the injured area before the situation worsens.",Apply Pressure. Elevate Wound.
"Simplify this emergency instruction into concise, actionable phrases: Emergency: crawl under the smoke to reach the nearest safe exit while waiting for responders.",Crawl Under Smoke. Find Exit.
"Simplify this emergency instruction into concise, actionable phrases: Please make sure to drop to the floor, take cover under a sturdy table, and hold on while waiting for responders.",Drop. Cover. Hold On.
"Simplify this emergency instruction into concise, actionable phrases: For your safety, please move away from the windows and find a secure room right now.",Away From Windows. Secure Room.
"Simplify this emergency instruction into concise, actionable phrases: Kindly use the fire extinguisher on the base of the flames to ensure your safety.",Extinguish Fire. Aim at Base.
"Simplify this emergency instruction into concise, actionable phrases: It is very important that you stay away from electrical outlets and avoid using wired devices as instructed.",Avoid Outlets. No Wired Devices.
"Simplify this emergency instruction into concise, actionable phrases: Please cover your nose and mouth with a wet cloth and stay low to the ground immediately.",Cover Nose. Stay Low.
"Simplify this emergency instruction into concise, actionable phrases: Close the door behind you to slow the spread of fire and assist others nearby.",Close Door. Slow Fire.
"Simplify this emergency instruction into concise, actionable phrases: Attention: lock the doors, turn off the lights, and remain silent before the situation worsens.",Lock Doors. Lights Off. Remain Silent.
"Simplify this emergency instruction into concise, actionable phrases: Please check for breathing and begin cpr if necessary immediately.",Check Breathing. Start CPR.
"Simplify this emergency instruction into concise, actionable phrases: Right now, you need to crawl under the smoke to reach the nearest safe exit as soon as possible.",Crawl Under Smoke. Find Exit.
"Simplify this emergency instruction into concise, actionable phrases: Please apply direct pressure to the wound and elevate the injured area immediately.",Apply Pressure. Elevate Wound.
"Simplify this emergency instruction into concise, actionable phrases: I need you to immediately stay inside your vehicle and wait for emergency responders carefully.",Stay In Vehicle. Wait.
"Simplify this emergency instruction into concise, actionable phrases: Emergency: use the fire extinguisher on the base of the flames.",Extinguish Fire. Aim at Base.
"Simplify this emergency instruction into concise, actionable phrases: For your safety, please do not drink the tap water, use bottled water instead.",No Tap Water. Use Bottled.
"Simplify this emergency instruction into concise, actionable phrases: Action required: move away from the windows and find a secure room before the situation worsens.",Away From Windows. Secure Room.
"Simplify this emergency instruction into concise, actionable phrases: Please cover your nose and mouth with a wet cloth and stay low to the ground and help others if you can.",Cover Nose. Stay Low.
"Simplify this emergency instruction into concise, actionable phrases: Make sure you secure all loose objects and stay away from glass panels and stay calm.",Secure Objects. Avoid Glass.
"Simplify this emergency instruction into concise, actionable phrases: I need you to immediately secure all loose objects and stay away from glass panels and help others if you can.",Secure Objects. Avoid Glass.
"Simplify this emergency instruction into concise, actionable phrases: Kindly use the fire extinguisher on the base of the flames and stay calm.",Extinguish Fire. Aim at Base.
"Simplify this emergency instruction into concise, actionable phrases: For your safety, please check for breathing and begin cpr if necessary to ensure your safety.",Check Breathing. Start CPR.
"Simplify this emergency instruction into concise, actionable phrases: Action required: turn off the main gas valve and evacuate the premises before the situation worsens.",Turn Off Gas. Evacuate.
"Simplify this emergency instruction into concise, actionable phrases: Make sure you use the fire extinguisher on the base of the flames before the situation worsens.",Extinguish Fire. Aim at Base.
"Simplify this emergency instruction into concise, actionable phrases: Please make sure to do not drink the tap water, use bottled water instead to ensure your safety.",No Tap Water. Use Bottled.
"Simplify this emergency instruction into concise, actionable phrases: Without delay, check for breathing and begin cpr if necessary and stay calm.",Check Breathing. Start CPR.
"Simplify this emergency instruction into concise, actionable phrases: Emergency: activate the fire alarm on your way out of the corridor.",Activate Alarm. Exit Corridor.
"Simplify this emergency instruction into concise, actionable phrases: Please make sure to turn off the main gas valve and evacuate the premises and stay calm.",Turn Off Gas. Evacuate.
"Simplify this emergency instruction into concise, actionable phrases: Protect your head and neck until the danger passes.",Protect Head. Protect Neck.
"Simplify this emergency instruction into concise, actionable phrases: Emergency: move to higher ground immediately to avoid the floodwaters immediately.",Move Higher. Avoid Flood.
"Simplify this emergency instruction into concise, actionable phrases: Attention: do not drink the tap water, use bottled water instead while waiting for responders.",No Tap Water. Use Bottled.
"Simplify this emergency instruction into concise, actionable phrases: Quickly check for breathing and begin cpr if necessary as soon as possible.",Check Breathing. Start CPR.
"Simplify this emergency instruction into concise, actionable phrases: Without delay, cover your nose and mouth with a wet cloth and stay low to the ground to ensure your safety.",Cover Nose. Stay Low.
"Simplify this emergency instruction into concise, actionable phrases: For your safety, please cover your nose and mouth with a wet cloth and stay low to the ground carefully.",Cover Nose. Stay Low.
"Simplify this emergency instruction into concise, actionable phrases: Please take the left exit door and go down the stairs slowly immediately.",Left. Exit. Stairs. Slowly.
"Simplify this emergency instruction into concise, actionable phrases: I need you to immediately do not use the elevators, use the emergency fire stairs immediately.",No Elevators. Use Stairs.
"Simplify this emergency instruction into concise, actionable phrases: Attention: take the left exit door and go down the stairs slowly and help others if you can.",Left. Exit. Stairs. Slowly.
"Simplify this emergency instruction into concise, actionable phrases: For your safety, please cover your nose and mouth with a wet cloth and stay low to the ground without panicking.",Cover Nose. Stay Low.
"Simplify this emergency instruction into concise, actionable phrases: Right now, you need to cover your nose and mouth with a wet cloth and stay low to the ground and help others if you can.",Cover Nose. Stay Low.
"Simplify this emergency instruction into concise, actionable phrases: It is very important that you activate the fire alarm on your way out of the corridor as soon as possible.",Activate Alarm. Exit Corridor.
"Simplify this emergency instruction into concise, actionable phrases: Make sure you cover your nose and mouth with a wet cloth and stay low to the ground as soon as possible.",Cover Nose. Stay Low.
"Simplify this emergency instruction into concise, actionable phrases: Kindly do not drink the tap water, use bottled water instead to ensure your safety.",No Tap Water. Use Bottled.
"Simplify this emergency instruction into concise, actionable phrases: Please make sure to stay inside your vehicle and wait for emergency responders carefully.",Stay In Vehicle. Wait.
"Simplify this emergency instruction into concise, actionable phrases: Action required: take the left exit door and go down the stairs slowly as instructed.",Left. Exit. Stairs. Slowly.
"Simplify this emergency instruction into concise, actionable phrases: For your safety, please stay inside your vehicle and wait for emergency responders to ensure your safety.",Stay In Vehicle. Wait.
"Simplify this emergency instruction into concise, actionable phrases: Right now, you need to find a safe place to hide and stay quiet until help arrives to ensure your safety.",Hide. Stay Quiet.
"Simplify this emergency instruction into concise, actionable phrases: Warning: secure all loose objects and stay away from glass panels right now.",Secure Objects. Avoid Glass.
"Simplify this emergency instruction into concise, actionable phrases: Warning: call an ambulance and wait outside for them to arrive while waiting for responders.",Call Ambulance. Wait Outside.
"Simplify this emergency instruction into concise, actionable phrases: Stay low to avoid smoke inhalation while moving toward the exit and assist others nearby.",Stay Low. Avoid Smoke. Exit.
"Simplify this emergency instruction into concise, actionable phrases: Without delay, use the fire extinguisher on the base of the flames and stay calm.",Extinguish Fire. Aim at Base.
"Simplify this emergency instruction into concise, actionable phrases: For your safety, please leave your belongings behind and evacuate the building immediately without panicking.",Leave Belongings. Evacuate Now.
"Simplify this emergency instruction into concise, actionable phrases: Quickly drop to the floor, take cover under a sturdy table, and hold on and stay calm.",Drop. Cover. Hold On.
"Simplify this emergency instruction into concise, actionable phrases: Make sure you secure all loose objects and stay away from glass panels before the situation worsens.",Secure Objects. Avoid Glass.
"Simplify this emergency instruction into concise, actionable phrases: Please proceed to the nearest emergency exit immediately and do not use the elevators if it is safe to do so.",Nearest. Exit. No Elevators.
"Simplify this emergency instruction into concise, actionable phrases: You must lock the doors, turn off the lights, and remain silent and help others if you can.",Lock Doors. Lights Off. Remain Silent.
"Simplify this emergency instruction into concise, actionable phrases: Quickly apply direct pressure to the wound and elevate the injured area before the situation worsens.",Apply Pressure. Elevate Wound.
"Simplify this emergency instruction into concise, actionable phrases: Evacuate the area immediately and watch for falling debris if it is safe to do so.",Evacuate. Avoid Debris.
"Simplify this emergency instruction into concise, actionable phrases: Right now, you need to do not drink the tap water, use bottled water instead right now.",No Tap Water. Use Bottled.
"Simplify this emergency instruction into concise, actionable phrases: Right now, you need to take the left exit door and go down the stairs slowly immediately.",Left. Exit. Stairs. Slowly.
"Simplify this emergency instruction into concise, actionable phrases: Attention: check for breathing and begin cpr if necessary to ensure your safety.",Check Breathing. Start CPR.
"Simplify this emergency instruction into concise, actionable phrases: For your safety, please move to higher ground immediately to avoid the floodwaters.",Move Higher. Avoid Flood.
"Simplify this emergency instruction into concise, actionable phrases: Please leave your belongings behind and evacuate the building immediately without panicking.",Leave Belongings. Evacuate Now.
"Simplify this emergency instruction into concise, actionable phrases: Move away from windows and heavy furniture immediately if it is safe to do so.",Away. Windows. Furniture.
"Simplify this emergency instruction into concise, actionable phrases: Activate the fire alarm before evacuating the building immediately.",Fire Alarm. Evacuate.
"Simplify this emergency instruction into concise, actionable phrases: Please make sure to leave your belongings behind and evacuate the building immediately while waiting for responders.",Leave Belongings. Evacuate Now.
"Simplify this emergency instruction into concise, actionable phrases: You must check for breathing and begin cpr if necessary to ensure your safety.",Check Breathing. Start CPR.
"Simplify this emergency instruction into concise, actionable phrases: Emergency: secure all loose objects and stay away from glass panels without panicking.",Secure Objects. Avoid Glass.
"Simplify this emergency instruction into concise, actionable phrases: Attention: activate the fire alarm on your way out of the corridor before the situation worsens.",Activate Alarm. Exit Corridor.
"Simplify this emergency instruction into concise, actionable phrases: It is very important that you drop to the floor, take cover under a sturdy table, and hold on before the situation worsens.",Drop. Cover. Hold On.
"Simplify this emergency instruction into concise, actionable phrases: Action required: find a safe place to hide and stay quiet until help arrives immediately.",Hide. Stay Quiet.
"Simplify this emergency instruction into concise, actionable phrases: Attention: check for breathing and begin cpr if necessary as instructed.",Check Breathing. Start CPR.
"Simplify this emergency instruction into concise, actionable phrases: Quickly drop to the floor, take cover under a sturdy table, and hold on right now.",Drop. Cover. Hold On.
"Simplify this emergency instruction into concise, actionable phrases: It is very important that you stay inside your vehicle and wait for emergency responders right now.",Stay In Vehicle. Wait.
"Simplify this emergency instruction into concise, actionable phrases: Emergency: apply direct pressure to the wound and elevate the injured area and help others if you can.",Apply Pressure. Elevate Wound.
"Simplify this emergency instruction into concise, actionable phrases: For your safety, please activate the fire alarm on your way out of the corridor as soon as possible.",Activate Alarm. Exit Corridor.
"Simplify this emergency instruction into concise, actionable phrases: Make sure you stay inside your vehicle and wait for emergency responders.",Stay In Vehicle. Wait.
"Simplify this emergency instruction into concise, actionable phrases: Make sure you drop to the floor, take cover under a sturdy table, and hold on.",Drop. Cover. Hold On.
"Simplify this emergency instruction into concise, actionable phrases: Please secure all loose objects and stay away from glass panels as soon as possible.",Secure Objects. Avoid Glass.
"Simplify this emergency instruction into concise, actionable phrases: Please make sure to use the fire extinguisher on the base of the flames while waiting for responders.",Extinguish Fire. Aim at Base.
"Simplify this emergency instruction into concise, actionable phrases: Warning: activate the fire alarm on your way out of the corridor and stay calm.",Activate Alarm. Exit Corridor.
"Simplify this emergency instruction into concise, actionable phrases: Action required: cover your nose and mouth with a wet cloth and stay low to the ground.",Cover Nose. Stay Low.
"Simplify this emergency instruction into concise, actionable phrases: Please crawl under the smoke to reach the nearest safe exit without panicking.",Crawl Under Smoke. Find Exit.
"Simplify this emergency instruction into concise, actionable phrases: Please stay inside your vehicle and wait for emergency responders as instructed.",Stay In Vehicle. Wait.
"Simplify this emergency instruction into concise, actionable phrases: Kindly drop to the floor, take cover under a sturdy table, and hold on.",Drop. Cover. Hold On.
"Simplify this emergency instruction into concise, actionable phrases: Stay away from the shoreline until officials declare it safe immediately.",Away Shoreline. Wait Clearance.
"Simplify this emergency instruction into concise, actionable phrases: Kindly cover your nose and mouth with a wet cloth and stay low to the ground.",Cover Nose. Stay Low.
"Simplify this emergency instruction into concise, actionable phrases: Without delay, move to higher ground immediately to avoid the floodwaters.",Move Higher. Avoid Flood.
"Simplify this emergency instruction into concise, actionable phrases: Warning: lock the doors, turn off the lights, and remain silent immediately.",Lock Doors. Lights Off. Remain Silent.
"Simplify this emergency instruction into concise, actionable phrases: Lock and barricade the door until authorities arrive while remaining calm.",Lock Door. Barricade.
"Simplify this emergency instruction into concise, actionable phrases: Attention: move away from the windows and find a secure room while waiting for responders.",Away From Windows. Secure Room.
"Simplify this emergency instruction into concise, actionable phrases: Attention: call an ambulance and wait outside for them to arrive carefully.",Call Ambulance. Wait Outside.
"Simplify this emergency instruction into concise, actionable phrases: I need you to immediately crawl under the smoke to reach the nearest safe exit carefully.",Crawl Under Smoke. Find Exit.
"Simplify this emergency instruction into concise, actionable phrases: Evacuate the area immediately and watch for falling debris while remaining calm.",Evacuate. Avoid Debris.
"Simplify this emergency instruction into concise, actionable phrases: Quickly crawl under the smoke to reach the nearest safe exit as instructed.",Crawl Under Smoke. Find Exit.
"Simplify this emergency instruction into concise, actionable phrases: Make sure you move to higher ground immediately to avoid the floodwaters as soon as possible.",Move Higher. Avoid Flood.
"Simplify this emergency instruction into concise, actionable phrases: I need you to immediately crawl under the smoke to reach the nearest safe exit while waiting for responders.",Crawl Under Smoke. Find Exit.
"Simplify this emergency instruction into concise, actionable phrases: Right now, you need to take the left exit door and go down the stairs slowly.",Left. Exit. Stairs. Slowly.
"Simplify this emergency instruction into concise, actionable phrases: It is very important that you take the left exit door and go down the stairs slowly immediately.",Left. Exit. Stairs. Slowly.
"Simplify this emergency instruction into concise, actionable phrases: I need you to immediately secure all loose objects and stay away from glass panels as soon as possible.",Secure Objects. Avoid Glass.
"Simplify this emergency instruction into concise, actionable phrases: For your safety, please stay away from electrical outlets and avoid using wired devices and stay calm.",Avoid Outlets. No Wired Devices.
"Simplify this emergency instruction into concise, actionable phrases: I need you to immediately leave your belongings behind and evacuate the building immediately without panicking.",Leave Belongings. Evacuate Now.
"Simplify this emergency instruction into concise, actionable phrases: Go to the lowest floor and stay away from windows without delay.",Lowest Floor. Away Windows.
"Simplify this emergency instruction into concise, actionable phrases: Without delay, crawl under the smoke to reach the nearest safe exit carefully.",Crawl Under Smoke. Find Exit.
"Simplify this emergency instruction into concise, actionable phrases: I need you to immediately stay away from electrical outlets and avoid using wired devices without panicking.",Avoid Outlets. No Wired Devices.
"Simplify this emergency instruction into concise, actionable phrases: Action required: do not use the elevators, use the emergency fire stairs without panicking.",No Elevators. Use Stairs.
"Simplify this emergency instruction into concise, actionable phrases: Make sure you do not use the elevators, use the emergency fire stairs and stay calm.",No Elevators. Use Stairs.
"Simplify this emergency instruction into concise, actionable phrases: Please take the left exit door and go down the stairs slowly while waiting for responders.",Left. Exit. Stairs. Slowly.
"Simplify this emergency instruction into concise, actionable phrases: Without delay, move to higher ground immediately to avoid the floodwaters and help others if you can.",Move Higher. Avoid Flood.
"Simplify this emergency instruction into concise, actionable phrases: Evacuate the area immediately and watch for falling debris immediately.",Evacuate. Avoid Debris.
"Simplify this emergency instruction into concise, actionable phrases: Make sure you move to higher ground immediately to avoid the floodwaters and stay calm.",Move Higher. Avoid Flood.
"Simplify this emergency instruction into concise, actionable phrases: I need you to immediately turn off the main gas valve and evacuate the premises and stay calm.",Turn Off Gas. Evacuate.
"Simplify this emergency instruction into concise, actionable phrases: Action required: move away from the windows and find a secure room.",Away From Windows. Secure Room.
"Simplify this emergency instruction into concise, actionable phrases: Right now, you need to turn off the main gas valve and evacuate the premises as instructed.",Turn Off Gas. Evacuate.
"Simplify this emergency instruction into concise, actionable phrases: It is very important that you crawl under the smoke to reach the nearest safe exit as soon as possible.",Crawl Under Smoke. Find Exit.
"Simplify this emergency instruction into concise, actionable phrases: Emergency: activate the fire alarm on your way out of the corridor before the situation worsens.",Activate Alarm. Exit Corridor.
"Simplify this emergency instruction into concise, actionable phrases: It is very important that you take the left exit door and go down the stairs slowly.",Left. Exit. Stairs. Slowly.
"Simplify this emergency instruction into concise, actionable phrases: Make sure you activate the fire alarm on your way out of the corridor before the situation worsens.",Activate Alarm. Exit Corridor.
"Simplify this emergency instruction into concise, actionable phrases: Attention: move to higher ground immediately to avoid the floodwaters immediately.",Move Higher. Avoid Flood.
"Simplify this emergency instruction into concise, actionable phrases: For your safety, please lock the doors, turn off the lights, and remain silent.",Lock Doors. Lights Off. Remain Silent.
"Simplify this emergency instruction into concise, actionable phrases: Without delay, lock the doors, turn off the lights, and remain silent right now.",Lock Doors. Lights Off. Remain Silent.
"Simplify this emergency instruction into concise, actionable phrases: Hide in a secure room and silence your mobile phone as quickly as possible.",Hide. Silence Phone.
"Simplify this emergency instruction into concise, actionable phrases: Quickly move to higher ground immediately to avoid the floodwaters right now.",Move Higher. Avoid Flood.
"Simplify this emergency instruction into concise, actionable phrases: For your safety, please use the fire extinguisher on the base of the flames before the situation worsens.",Extinguish Fire. Aim at Base.
"Simplify this emergency instruction into concise, actionable phrases: Attention: do not drink the tap water, use bottled water instead and help others if you can.",No Tap Water. Use Bottled.
"Simplify this emergency instruction into concise, actionable phrases: Action required: turn off the main gas valve and evacuate the premises and stay calm.",Turn Off Gas. Evacuate.
"Simplify this emergency instruction into concise, actionable phrases: Quickly take the left exit door and go down the stairs slowly carefully.",Left. Exit. Stairs. Slowly.
"Simplify this emergency instruction into concise, actionable phrases: After the shaking ends, evacuate using the stairs immediately.",Shaking Stops. Exit. Stairs.
"Simplify this emergency instruction into concise, actionable phrases: Attention: do not drink the tap water, use bottled water instead and stay calm.",No Tap Water. Use Bottled.
"Simplify this emergency instruction into concise, actionable phrases: Action required: activate the fire alarm on your way out of the corridor and stay calm.",Activate Alarm. Exit Corridor.
"Simplify this emergency instruction into concise, actionable phrases: Action required: take the left exit door and go down the stairs slowly.",Left. Exit. Stairs. Slowly.
"Simplify this emergency instruction into concise, actionable phrases: Attention: stay inside your vehicle and wait for emergency responders.",Stay In Vehicle. Wait.
"Simplify this emergency instruction into concise, actionable phrases: I need you to immediately secure all loose objects and stay away from glass panels to ensure your safety.",Secure Objects. Avoid Glass.
"Simplify this emergency instruction into concise, actionable phrases: Please make sure to do not drink the tap water, use bottled water instead before the situation worsens.",No Tap Water. Use Bottled.
"Simplify this emergency instruction into concise, actionable phrases: Please move away from the windows and find a secure room.",Away From Windows. Secure Room.
"Simplify this emergency instruction into concise, actionable phrases: Make sure you lock the doors, turn off the lights, and remain silent to ensure your safety.",Lock Doors. Lights Off. Remain Silent.
"Simplify this emergency instruction into concise, actionable phrases: For your safety, please crawl under the smoke to reach the nearest safe exit and help others if you can.",Crawl Under Smoke. Find Exit.
"Simplify this emergency instruction into concise, actionable phrases: I need you to immediately crawl under the smoke to reach the nearest safe exit right now.",Crawl Under Smoke. Find Exit.
"Simplify this emergency instruction into concise, actionable phrases: You must lock the doors, turn off the lights, and remain silent.",Lock Doors. Lights Off. Remain Silent.
"Simplify this emergency instruction into concise, actionable phrases: Please make sure to cover your nose and mouth with a wet cloth and stay low to the ground.",Cover Nose. Stay Low.
"Simplify this emergency instruction into concise, actionable phrases: You must apply direct pressure to the wound and elevate the injured area to ensure your safety.",Apply Pressure. Elevate Wound.
"Simplify this emergency instruction into concise, actionable phrases: It is very important that you secure all loose objects and stay away from glass panels before the situation worsens.",Secure Objects. Avoid Glass.
"Simplify this emergency instruction into concise, actionable phrases: Attention: leave your belongings behind and evacuate the building immediately while waiting for responders.",Leave Belongings. Evacuate Now.
"Simplify this emergency instruction into concise, actionable phrases: Emergency: crawl under the smoke to reach the nearest safe exit as soon as possible.",Crawl Under Smoke. Find Exit.
"Simplify this emergency instruction into concise, actionable phrases: For your safety, please leave your belongings behind and evacuate the building immediately immediately.",Leave Belongings. Evacuate Now.
"Simplify this emergency instruction into concise, actionable phrases: For your safety, please call an ambulance and wait outside for them to arrive as soon as possible.",Call Ambulance. Wait Outside.
"Simplify this emergency instruction into concise, actionable phrases: Warning: cover your nose and mouth with a wet cloth and stay low to the ground while waiting for responders.",Cover Nose. Stay Low.
"Simplify this emergency instruction into concise, actionable phrases: Action required: do not use the elevators, use the emergency fire stairs and help others if you can.",No Elevators. Use Stairs.
"Simplify this emergency instruction into concise, actionable phrases: I need you to immediately use the fire extinguisher on the base of the flames to ensure your safety.",Extinguish Fire. Aim at Base.
"Simplify this emergency instruction into concise, actionable phrases: Quickly use the fire extinguisher on the base of the flames without panicking.",Extinguish Fire. Aim at Base.
"Simplify this emergency instruction into concise, actionable phrases: Action required: turn off the main gas valve and evacuate the premises immediately.",Turn Off Gas. Evacuate.
"Simplify this emergency instruction into concise, actionable phrases: Attention: stay inside your vehicle and wait for emergency responders right now.",Stay In Vehicle. Wait.
"Simplify this emergency instruction into concise, actionable phrases: Quickly secure all loose objects and stay away from glass panels without panicking.",Secure Objects. Avoid Glass.
"Simplify this emergency instruction into concise, actionable phrases: Emergency: lock the doors, turn off the lights, and remain silent right now.",Lock Doors. Lights Off. Remain Silent.
"Simplify this emergency instruction into concise, actionable phrases: Make sure you call an ambulance and wait outside for them to arrive without panicking.",Call Ambulance. Wait Outside.
"Simplify this emergency instruction into concise, actionable phrases: It is very important that you stay away from electrical outlets and avoid using wired devices as soon as possible.",Avoid Outlets. No Wired Devices.
"Simplify this emergency instruction into concise, actionable phrases: Please make sure to stay inside your vehicle and wait for emergency responders while waiting for responders.",Stay In Vehicle. Wait.
"Simplify this emergency instruction into concise, actionable phrases: Warning: leave your belongings behind and evacuate the building immediately to ensure your safety.",Leave Belongings. Evacuate Now.
"Simplify this emergency instruction into concise, actionable phrases: Attention: turn off the main gas valve and evacuate the premises to ensure your safety.",Turn Off Gas. Evacuate.
"Simplify this emergency instruction into concise, actionable phrases: Please call an ambulance and wait outside for them to arrive.",Call Ambulance. Wait Outside.
"Simplify this emergency instruction into concise, actionable phrases: Please make sure to apply direct pressure to the wound and elevate the injured area before the situation worsens.",Apply Pressure. Elevate Wound.
"Simplify this emergency instruction into concise, actionable phrases: Emergency: stay inside your vehicle and wait for emergency responders to ensure your safety.",Stay In Vehicle. Wait.
"Simplify this emergency instruction into concise, actionable phrases: I need you to immediately apply direct pressure to the wound and elevate the injured area.",Apply Pressure. Elevate Wound.
"Simplify this emergency instruction into concise, actionable phrases: For your safety, please use the fire extinguisher on the base of the flames as soon as possible.",Extinguish Fire. Aim at Base.
"Simplify this emergency instruction into concise, actionable phrases: Please do not drink the tap water, use bottled water instead right now.",No Tap Water. Use Bottled.
"Simplify this emergency instruction into concise, actionable phrases: It is very important that you call an ambulance and wait outside for them to arrive immediately.",Call Ambulance. Wait Outside.
"Simplify this emergency instruction into concise, actionable phrases: Emergency: leave your belongings behind and evacuate the building immediately before the situation worsens.",Leave Belongings. Evacuate Now.
"Simplify this emergency instruction into concise, actionable phrases: Action required: call an ambulance and wait outside for them to arrive to ensure your safety.",Call Ambulance. Wait Outside.
"Simplify this emergency instruction into concise, actionable phrases: You must call an ambulance and wait outside for them to arrive carefully.",Call Ambulance. Wait Outside.
"Simplify this emergency instruction into concise, actionable phrases: I need you to immediately turn off the main gas valve and evacuate the premises.",Turn Off Gas. Evacuate.
"Simplify this emergency instruction into concise, actionable phrases: Kindly leave your belongings behind and evacuate the building immediately as soon as possible.",Leave Belongings. Evacuate Now.
"Simplify this emergency instruction into concise, actionable phrases: Please lock the doors, turn off the lights, and remain silent without panicking.",Lock Doors. Lights Off. Remain Silent.
"Simplify this emergency instruction into concise, actionable phrases: I need you to immediately do not drink the tap water, use bottled water instead before the situation worsens.",No Tap Water. Use Bottled.
"Simplify this emergency instruction into concise, actionable phrases: Without delay, move to higher ground immediately to avoid the floodwaters right now.",Move Higher. Avoid Flood.
"Simplify this emergency instruction into concise, actionable phrases: Action required: call an ambulance and wait outside for them to arrive before the situation worsens.",Call Ambulance. Wait Outside.
"Simplify this emergency instruction into concise, actionable phrases: It is very important that you use the fire extinguisher on the base of the flames and stay calm.",Extinguish Fire. Aim at Base.
"Simplify this emergency instruction into concise, actionable phrases: Make sure you take the left exit door and go down the stairs slowly right now.",Left. Exit. Stairs. Slowly.
"Simplify this emergency instruction into concise, actionable phrases: You must call an ambulance and wait outside for them to arrive.",Call Ambulance. Wait Outside.
"Simplify this emergency instruction into concise, actionable phrases: Go to the lowest floor and stay away from windows following emergency procedures.",Lowest Floor. Away Windows.
"Simplify this emergency instruction into concise, actionable phrases: Right now, you need to leave your belongings behind and evacuate the building immediately and help others if you can.",Leave Belongings. Evacuate Now.
"Simplify this emergency instruction into concise, actionable phrases: Warning: check for breathing and begin cpr if necessary immediately.",Check Breathing. Start CPR.
"Simplify this emergency instruction into concise, actionable phrases: Quickly crawl under the smoke to reach the nearest safe exit as soon as possible.",Crawl Under Smoke. Find Exit.
"Simplify this emergency instruction into concise, actionable phrases: I need you to immediately drop to the floor, take cover under a sturdy table, and hold on right now.",Drop. Cover. Hold On.
"Simplify this emergency instruction into concise, actionable phrases: Please stay inside your vehicle and wait for emergency responders to ensure your safety.",Stay In Vehicle. Wait.
"Simplify this emergency instruction into concise, actionable phrases: For your safety, please drop to the floor, take cover under a sturdy table, and hold on immediately.",Drop. Cover. Hold On.
"Simplify this emergency instruction into concise, actionable phrases: Attention: crawl under the smoke to reach the nearest safe exit as instructed.",Crawl Under Smoke. Find Exit.
"Simplify this emergency instruction into concise, actionable phrases: Make sure you check for breathing and begin cpr if necessary and stay calm.",Check Breathing. Start CPR.
"Simplify this emergency instruction into concise, actionable phrases: Make sure you drop to the floor, take cover under a sturdy table, and hold on without panicking.",Drop. Cover. Hold On.
"Simplify this emergency instruction into concise, actionable phrases: I need you to immediately move away from the windows and find a secure room.",Away From Windows. Secure Room.
"Simplify this emergency instruction into concise, actionable phrases: Kindly stay away from electrical outlets and avoid using wired devices as instructed.",Avoid Outlets. No Wired Devices.
"Simplify this emergency instruction into concise, actionable phrases: Apply firm pressure to the wound until help arrives.",Pressure. Wound.
"Simplify this emergency instruction into concise, actionable phrases: You must turn off the main gas valve and evacuate the premises right now.",Turn Off Gas. Evacuate.
"Simplify this emergency instruction into concise, actionable phrases: For your safety, please move to higher ground immediately to avoid the floodwaters while waiting for responders.",Move Higher. Avoid Flood.
"Simplify this emergency instruction into concise, actionable phrases: Make sure you stay inside your vehicle and wait for emergency responders before the situation worsens.",Stay In Vehicle. Wait.
"Simplify this emergency instruction into concise, actionable phrases: Action required: move away from the windows and find a secure room and help others if you can.",Away From Windows. Secure Room.
"Simplify this emergency instruction into concise, actionable phrases: For your safety, please drop to the floor, take cover under a sturdy table, and hold on to ensure your safety.",Drop. Cover. Hold On.
"Simplify this emergency instruction into concise, actionable phrases: Right now, you need to check for breathing and begin cpr if necessary without panicking.",Check Breathing. Start CPR.
"Simplify this emergency instruction into concise, actionable phrases: Turn off electricity if it is safe before leaving the building as quickly as possible.",Power Off. Evacuate.
"Simplify this emergency instruction into concise, actionable phrases: For your safety, please do not use the elevators, use the emergency fire stairs right now.",No Elevators. Use Stairs.
"Simplify this emergency instruction into concise, actionable phrases: It is very important that you apply direct pressure to the wound and elevate the injured area without panicking.",Apply Pressure. Elevate Wound.
"Simplify this emergency instruction into concise, actionable phrases: You must move to higher ground immediately to avoid the floodwaters immediately.",Move Higher. Avoid Flood.
"Simplify this emergency instruction into concise, actionable phrases: Emergency: find a safe place to hide and stay quiet until help arrives to ensure your safety.",Hide. Stay Quiet.
"Simplify this emergency instruction into concise, actionable phrases: It is very important that you leave your belongings behind and evacuate the building immediately carefully.",Leave Belongings. Evacuate Now.
"Simplify this emergency instruction into concise, actionable phrases: Wear protective equipment before approaching the spill without delay.",Wear Protection. Spill.
"Simplify this emergency instruction into concise, actionable phrases: Please crawl under the smoke to reach the nearest safe exit to ensure your safety.",Crawl Under Smoke. Find Exit.
"Simplify this emergency instruction into concise, actionable phrases: Without delay, stay inside your vehicle and wait for emergency responders while waiting for responders.",Stay In Vehicle. Wait.
"Simplify this emergency instruction into concise, actionable phrases: Emergency: drop to the floor, take cover under a sturdy table, and hold on while waiting for responders.",Drop. Cover. Hold On.
"Simplify this emergency instruction into concise, actionable phrases: Emergency: take the left exit door and go down the stairs slowly right now.",Left. Exit. Stairs. Slowly.
"Simplify this emergency instruction into concise, actionable phrases: Emergency: use the fire extinguisher on the base of the flames while waiting for responders.",Extinguish Fire. Aim at Base.
"Simplify this emergency instruction into concise, actionable phrases: Attention: move to higher ground immediately to avoid the floodwaters carefully.",Move Higher. Avoid Flood.
"Simplify this emergency instruction into concise, actionable phrases: Emergency: cover your nose and mouth with a wet cloth and stay low to the ground and stay calm.",Cover Nose. Stay Low.
"Simplify this emergency instruction into concise, actionable phrases: Do not re-enter the building until authorized as quickly as possible.",No Reentry. Wait Authorization.
"Simplify this emergency instruction into concise, actionable phrases: For your safety, please take the left exit door and go down the stairs slowly without panicking.",Left. Exit. Stairs. Slowly.
"Simplify this emergency instruction into concise, actionable phrases: I need you to immediately do not use the elevators, use the emergency fire stairs and stay calm.",No Elevators. Use Stairs.
"Simplify this emergency instruction into concise, actionable phrases: Attention: do not use the elevators, use the emergency fire stairs right now.",No Elevators. Use Stairs.
"Simplify this emergency instruction into concise, actionable phrases: Action required: do not use the elevators, use the emergency fire stairs and stay calm.",No Elevators. Use Stairs.
"Simplify this emergency instruction into concise, actionable phrases: For your safety, please find a safe place to hide and stay quiet until help arrives carefully.",Hide. Stay Quiet.
"Simplify this emergency instruction into concise, actionable phrases: Right now, you need to crawl under the smoke to reach the nearest safe exit and stay calm.",Crawl Under Smoke. Find Exit.
"Simplify this emergency instruction into concise, actionable phrases: Keep the injured person still and monitor breathing without delay.",Keep Still. Monitor Breathing.
"Simplify this emergency instruction into concise, actionable phrases: Emergency: secure all loose objects and stay away from glass panels carefully.",Secure Objects. Avoid Glass.
"Simplify this emergency instruction into concise, actionable phrases: It is very important that you lock the doors, turn off the lights, and remain silent carefully.",Lock Doors. Lights Off. Remain Silent.
"Simplify this emergency instruction into concise, actionable phrases: Without delay, apply direct pressure to the wound and elevate the injured area as soon as possible.",Apply Pressure. Elevate Wound.
"Simplify this emergency instruction into concise, actionable phrases: Warning: lock the doors, turn off the lights, and remain silent as soon as possible.",Lock Doors. Lights Off. Remain Silent.
"Simplify this emergency instruction into concise, actionable phrases: For your safety, please do not use the elevators, use the emergency fire stairs without panicking.",No Elevators. Use Stairs.
"Simplify this emergency instruction into concise, actionable phrases: It is very important that you do not use the elevators, use the emergency fire stairs to ensure your safety.",No Elevators. Use Stairs.
"Simplify this emergency instruction into concise, actionable phrases: Make sure you turn off the main gas valve and evacuate the premises and help others if you can.",Turn Off Gas. Evacuate.
"Simplify this emergency instruction into concise, actionable phrases: You must turn off the main gas valve and evacuate the premises and stay calm.",Turn Off Gas. Evacuate.
"Simplify this emergency instruction into concise, actionable phrases: You must do not use the elevators, use the emergency fire stairs before the situation worsens.",No Elevators. Use Stairs.
"Simplify this emergency instruction into concise, actionable phrases: Warning: lock the doors, turn off the lights, and remain silent carefully.",Lock Doors. Lights Off. Remain Silent.
"Simplify this emergency instruction into concise, actionable phrases: Lock and barricade the door until authorities arrive as quickly as possible.",Lock Door. Barricade.
"Simplify this emergency instruction into concise, actionable phrases: For your safety, please turn off the main gas valve and evacuate the premises as soon as possible.",Turn Off Gas. Evacuate.
"Simplify this emergency instruction into concise, actionable phrases: Kindly call an ambulance and wait outside for them to arrive and stay calm.",Call Ambulance. Wait Outside.
"Simplify this emergency instruction into concise, actionable phrases: Quickly find a safe place to hide and stay quiet until help arrives and stay calm.",Hide. Stay Quiet.
"Simplify this emergency instruction into concise, actionable phrases: You must apply direct pressure to the wound and elevate the injured area and stay calm.",Apply Pressure. Elevate Wound.
"Simplify this emergency instruction into concise, actionable phrases: Kindly crawl under the smoke to reach the nearest safe exit before the situation worsens.",Crawl Under Smoke. Find Exit.
"Simplify this emergency instruction into concise, actionable phrases: Action required: drop to the floor, take cover under a sturdy table, and hold on.",Drop. Cover. Hold On.
"Simplify this emergency instruction into concise, actionable phrases: Make sure you secure all loose objects and stay away from glass panels immediately.",Secure Objects. Avoid Glass.
"Simplify this emergency instruction into concise, actionable phrases: Protect your head and neck until the danger passes without delay.",Protect Head. Protect Neck.
"Simplify this emergency instruction into concise, actionable phrases: Without delay, apply direct pressure to the wound and elevate the injured area as instructed.",Apply Pressure. Elevate Wound.
"Simplify this emergency instruction into concise, actionable phrases: Attention: do not use the elevators, use the emergency fire stairs as instructed.",No Elevators. Use Stairs.
"Simplify this emergency instruction into concise, actionable phrases: Make sure you check for breathing and begin cpr if necessary and help others if you can.",Check Breathing. Start CPR.
"Simplify this emergency instruction into concise, actionable phrases: Warning: leave your belongings behind and evacuate the building immediately and stay calm.",Leave Belongings. Evacuate Now.
"Simplify this emergency instruction into concise, actionable phrases: You must check for breathing and begin cpr if necessary and stay calm.",Check Breathing. Start CPR.
"Simplify this emergency instruction into concise, actionable phrases: Please make sure to secure all loose objects and stay away from glass panels while waiting for responders.",Secure Objects. Avoid Glass.
"Simplify this emergency instruction into concise, actionable phrases: Kindly stay inside your vehicle and wait for emergency responders right now.",Stay In Vehicle. Wait.
"Simplify this emergency instruction into concise, actionable phrases: Please find a safe place to hide and stay quiet until help arrives and stay calm.",Hide. Stay Quiet.
"Simplify this emergency instruction into concise, actionable phrases: For your safety, please check for breathing and begin cpr if necessary right now.",Check Breathing. Start CPR.
"Simplify this emergency instruction into concise, actionable phrases: Without delay, stay inside your vehicle and wait for emergency responders as soon as possible.",Stay In Vehicle. Wait.
"Simplify this emergency instruction into concise, actionable phrases: You must cover your nose and mouth with a wet cloth and stay low to the ground to ensure your safety.",Cover Nose. Stay Low.
"Simplify this emergency instruction into concise, actionable phrases: Emergency: secure all loose objects and stay away from glass panels.",Secure Objects. Avoid Glass.
"Simplify this emergency instruction into concise, actionable phrases: For your safety, please do not drink the tap water, use bottled water instead while waiting for responders.",No Tap Water. Use Bottled.
"Simplify this emergency instruction into concise, actionable phrases: Make sure you drop to the floor, take cover under a sturdy table, and hold on to ensure your safety.",Drop. Cover. Hold On.
"Simplify this emergency instruction into concise, actionable phrases: Please call an ambulance and wait outside for them to arrive carefully.",Call Ambulance. Wait Outside.
"Simplify this emergency instruction into concise, actionable phrases: Without delay, move away from the windows and find a secure room to ensure your safety.",Away From Windows. Secure Room.
"Simplify this emergency instruction into concise, actionable phrases: Warning: apply direct pressure to the wound and elevate the injured area to ensure your safety.",Apply Pressure. Elevate Wound.
"Simplify this emergency instruction into concise, actionable phrases: You must secure all loose objects and stay away from glass panels while waiting for responders.",Secure Objects. Avoid Glass.
"Simplify this emergency instruction into concise, actionable phrases: I need you to immediately cover your nose and mouth with a wet cloth and stay low to the ground before the situation worsens.",Cover Nose. Stay Low.
"Simplify this emergency instruction into concise, actionable phrases: You must call an ambulance and wait outside for them to arrive before the situation worsens.",Call Ambulance. Wait Outside.
"Simplify this emergency instruction into concise, actionable phrases: Move immediately to higher ground and avoid walking through floodwater if it is safe to do so.",Higher Ground. Avoid Floodwater.
"Simplify this emergency instruction into concise, actionable phrases: Kindly check for breathing and begin cpr if necessary carefully.",Check Breathing. Start CPR.
"Simplify this emergency instruction into concise, actionable phrases: Right now, you need to turn off the main gas valve and evacuate the premises and help others if you can.",Turn Off Gas. Evacuate.
"Simplify this emergency instruction into concise, actionable phrases: Warning: crawl under the smoke to reach the nearest safe exit carefully.",Crawl Under Smoke. Find Exit.
"Simplify this emergency instruction into concise, actionable phrases: Right now, you need to activate the fire alarm on your way out of the corridor as instructed.",Activate Alarm. Exit Corridor.
"Simplify this emergency instruction into concise, actionable phrases: You must take the left exit door and go down the stairs slowly right now.",Left. Exit. Stairs. Slowly.
"Simplify this emergency instruction into concise, actionable phrases: Action required: lock the doors, turn off the lights, and remain silent as instructed.",Lock Doors. Lights Off. Remain Silent.
"Simplify this emergency instruction into concise, actionable phrases: It is very important that you crawl under the smoke to reach the nearest safe exit and stay calm.",Crawl Under Smoke. Find Exit.
"Simplify this emergency instruction into concise, actionable phrases: Action required: move away from the windows and find a secure room as soon as possible.",Away From Windows. Secure Room.
"Simplify this emergency instruction into concise, actionable phrases: Evacuate the contaminated area and avoid direct contact with the chemical immediately.",Evacuate. Avoid Contact.
"Simplify this emergency instruction into concise, actionable phrases: For your safety, please drop to the floor, take cover under a sturdy table, and hold on as soon as possible.",Drop. Cover. Hold On.
"Simplify this emergency instruction into concise, actionable phrases: Attention: leave your belongings behind and evacuate the building immediately and help others if you can.",Leave Belongings. Evacuate Now.
"Simplify this emergency instruction into concise, actionable phrases: Move inland to higher ground immediately after the warning while remaining calm.",Inland. Higher Ground.
"Simplify this emergency instruction into concise, actionable phrases: It is very important that you lock the doors, turn off the lights, and remain silent and help others if you can.",Lock Doors. Lights Off. Remain Silent.
"Simplify this emergency instruction into concise, actionable phrases: Right now, you need to stay inside your vehicle and wait for emergency responders while waiting for responders.",Stay In Vehicle. Wait.
"Simplify this emergency instruction into concise, actionable phrases: Action required: do not drink the tap water, use bottled water instead and stay calm.",No Tap Water. Use Bottled.
"Simplify this emergency instruction into concise, actionable phrases: I need you to immediately find a safe place to hide and stay quiet until help arrives as instructed.",Hide. Stay Quiet.
"Simplify this emergency instruction into concise, actionable phrases: For your safety, please find a safe place to hide and stay quiet until help arrives and help others if you can.",Hide. Stay Quiet.
"Simplify this emergency instruction into concise, actionable phrases: For your safety, please move away from the windows and find a secure room immediately.",Away From Windows. Secure Room.
"Simplify this emergency instruction into concise, actionable phrases: It is very important that you cover your nose and mouth with a wet cloth and stay low to the ground right now.",Cover Nose. Stay Low.
"Simplify this emergency instruction into concise, actionable phrases: Right now, you need to crawl under the smoke to reach the nearest safe exit and help others if you can.",Crawl Under Smoke. Find Exit.
"Simplify this emergency instruction into concise, actionable phrases: It is very important that you do not use the elevators, use the emergency fire stairs and stay calm.",No Elevators. Use Stairs.
"Simplify this emergency instruction into concise, actionable phrases: Quickly move to higher ground immediately to avoid the floodwaters as instructed.",Move Higher. Avoid Flood.
"Simplify this emergency instruction into concise, actionable phrases: Warning: apply direct pressure to the wound and elevate the injured area immediately.",Apply Pressure. Elevate Wound.
"Simplify this emergency instruction into concise, actionable phrases: It is very important that you cover your nose and mouth with a wet cloth and stay low to the ground and help others if you can.",Cover Nose. Stay Low.
"Simplify this emergency instruction into concise, actionable phrases: I need you to immediately crawl under the smoke to reach the nearest safe exit without panicking.",Crawl Under Smoke. Find Exit.
"Simplify this emergency instruction into concise, actionable phrases: Kindly drop to the floor, take cover under a sturdy table, and hold on while waiting for responders.",Drop. Cover. Hold On.
"Simplify this emergency instruction into concise, actionable phrases: Without delay, move to higher ground immediately to avoid the floodwaters as instructed.",Move Higher. Avoid Flood.
"Simplify this emergency instruction into concise, actionable phrases: For your safety, please find a safe place to hide and stay quiet until help arrives right now.",Hide. Stay Quiet.
"Simplify this emergency instruction into concise, actionable phrases: Attention: lock the doors, turn off the lights, and remain silent and help others if you can.",Lock Doors. Lights Off. Remain Silent.
"Simplify this emergency instruction into concise, actionable phrases: Attention: turn off the main gas valve and evacuate the premises while waiting for responders.",Turn Off Gas. Evacuate.
"Simplify this emergency instruction into concise, actionable phrases: Warning: cover your nose and mouth with a wet cloth and stay low to the ground before the situation worsens.",Cover Nose. Stay Low.
"Simplify this emergency instruction into concise, actionable phrases: Right now, you need to secure all loose objects and stay away from glass panels to ensure your safety.",Secure Objects. Avoid Glass.
"Simplify this emergency instruction into concise, actionable phrases: It is very important that you secure all loose objects and stay away from glass panels to ensure your safety.",Secure Objects. Avoid Glass.
"Simplify this emergency instruction into concise, actionable phrases: Please drop to the floor, take cover under a sturdy table, and hold on before the situation worsens.",Drop. Cover. Hold On.
"Simplify this emergency instruction into concise, actionable phrases: Right now, you need to use the fire extinguisher on the base of the flames while waiting for responders.",Extinguish Fire. Aim at Base.
"Simplify this emergency instruction into concise, actionable phrases: Right now, you need to secure all loose objects and stay away from glass panels while waiting for responders.",Secure Objects. Avoid Glass.
"Simplify this emergency instruction into concise, actionable phrases: Emergency: move to higher ground immediately to avoid the floodwaters and help others if you can.",Move Higher. Avoid Flood.
"Simplify this emergency instruction into concise, actionable phrases: Without delay, use the fire extinguisher on the base of the flames before the situation worsens.",Extinguish Fire. Aim at Base.
"Simplify this emergency instruction into concise, actionable phrases: Quickly check for breathing and begin cpr if necessary and help others if you can.",Check Breathing. Start CPR.
"Simplify this emergency instruction into concise, actionable phrases: Action required: find a safe place to hide and stay quiet until help arrives right now.",Hide. Stay Quiet.
"Simplify this emergency instruction into concise, actionable phrases: Please make sure to use the fire extinguisher on the base of the flames as soon as possible.",Extinguish Fire. Aim at Base.
"Simplify this emergency instruction into concise, actionable phrases: Please make sure to find a safe place to hide and stay quiet until help arrives.",Hide. Stay Quiet.
"Simplify this emergency instruction into concise, actionable phrases: Without delay, find a safe place to hide and stay quiet until help arrives.",Hide. Stay Quiet.
"Simplify this emergency instruction into concise, actionable phrases: Leave the building immediately and avoid using electrical switches.",Leave Building. No Switches.
"Simplify this emergency instruction into concise, actionable phrases: Warning: do not drink the tap water, use bottled water instead.",No Tap Water. Use Bottled.
"Simplify this emergency instruction into concise, actionable phrases: Run away from the attacker if a safe escape route is available while remaining calm.",Run. Escape.
"Simplify this emergency instruction into concise, actionable phrases: Without delay, take the left exit door and go down the stairs slowly immediately.",Left. Exit. Stairs. Slowly.
"Simplify this emergency instruction into concise, actionable phrases: Please make sure to move away from the windows and find a secure room while waiting for responders.",Away From Windows. Secure Room.
"Simplify this emergency instruction into concise, actionable phrases: Action required: crawl under the smoke to reach the nearest safe exit and stay calm.",Crawl Under Smoke. Find Exit.
"Simplify this emergency instruction into concise, actionable phrases: Please make sure to move to higher ground immediately to avoid the floodwaters right now.",Move Higher. Avoid Flood.
"Simplify this emergency instruction into concise, actionable phrases: Quickly turn off the main gas valve and evacuate the premises and stay calm.",Turn Off Gas. Evacuate.
"Simplify this emergency instruction into concise, actionable phrases: Make sure you turn off the main gas valve and evacuate the premises.",Turn Off Gas. Evacuate.
"Simplify this emergency instruction into concise, actionable phrases: Protect your head and neck until the danger passes while remaining calm.",Protect Head. Protect Neck.
"Simplify this emergency instruction into concise, actionable phrases: You must do not use the elevators, use the emergency fire stairs as instructed.",No Elevators. Use Stairs.
"Simplify this emergency instruction into concise, actionable phrases: Make sure you do not use the elevators, use the emergency fire stairs.",No Elevators. Use Stairs.
"Simplify this emergency instruction into concise, actionable phrases: Make sure you check for breathing and begin cpr if necessary while waiting for responders.",Check Breathing. Start CPR.
"Simplify this emergency instruction into concise, actionable phrases: Action required: do not drink the tap water, use bottled water instead.",No Tap Water. Use Bottled.
"Simplify this emergency instruction into concise, actionable phrases: Please make sure to stay away from electrical outlets and avoid using wired devices right now.",Avoid Outlets. No Wired Devices.
"Simplify this emergency instruction into concise, actionable phrases: Report the gas leak from a safe location following emergency procedures.",Safe Location. Report Leak.
"Simplify this emergency instruction into concise, actionable phrases: Evacuate the contaminated area and avoid direct contact with the chemical without delay.",Evacuate. Avoid Contact.
"Simplify this emergency instruction into concise, actionable phrases: Kindly apply direct pressure to the wound and elevate the injured area right now.",Apply Pressure. Elevate Wound.
"Simplify this emergency instruction into concise, actionable phrases: I need you to immediately turn off the main gas valve and evacuate the premises immediately.",Turn Off Gas. Evacuate.
"Simplify this emergency instruction into concise, actionable phrases: Without delay, move to higher ground immediately to avoid the floodwaters before the situation worsens.",Move Higher. Avoid Flood.
"Simplify this emergency instruction into concise, actionable phrases: Warning: take the left exit door and go down the stairs slowly as soon as possible.",Left. Exit. Stairs. Slowly.
"Simplify this emergency instruction into concise, actionable phrases: Quickly stay inside your vehicle and wait for emergency responders carefully.",Stay In Vehicle. Wait.
"Simplify this emergency instruction into concise, actionable phrases: Action required: stay inside your vehicle and wait for emergency responders immediately.",Stay In Vehicle. Wait.
"Simplify this emergency instruction into concise, actionable phrases: Please apply direct pressure to the wound and elevate the injured area carefully.",Apply Pressure. Elevate Wound.
"Simplify this emergency instruction into concise, actionable phrases: Right now, you need to stay away from electrical outlets and avoid using wired devices.",Avoid Outlets. No Wired Devices.
"Simplify this emergency instruction into concise, actionable phrases: Warning: call an ambulance and wait outside for them to arrive carefully.",Call Ambulance. Wait Outside.
"Simplify this emergency instruction into concise, actionable phrases: Kindly use the fire extinguisher on the base of the flames without panicking.",Extinguish Fire. Aim at Base.
"Simplify this emergency instruction into concise, actionable phrases: Make sure you use the fire extinguisher on the base of the flames to ensure your safety.",Extinguish Fire. Aim at Base.
"Simplify this emergency instruction into concise, actionable phrases: Please take the left exit door and go down the stairs slowly as instructed.",Left. Exit. Stairs. Slowly.
"Simplify this emergency instruction into concise, actionable phrases: Right now, you need to use the fire extinguisher on the base of the flames to ensure your safety.",Extinguish Fire. Aim at Base.
"Simplify this emergency instruction into concise, actionable phrases: Attention: crawl under the smoke to reach the nearest safe exit right now.",Crawl Under Smoke. Find Exit.
"Simplify this emergency instruction into concise, actionable phrases: Activate the fire alarm before evacuating the building and assist others nearby.",Fire Alarm. Evacuate.
"Simplify this emergency instruction into concise, actionable phrases: For your safety, please crawl under the smoke to reach the nearest safe exit carefully.",Crawl Under Smoke. Find Exit.
"Simplify this emergency instruction into concise, actionable phrases: Kindly cover your nose and mouth with a wet cloth and stay low to the ground and stay calm.",Cover Nose. Stay Low.
"Simplify this emergency instruction into concise, actionable phrases: For your safety, please crawl under the smoke to reach the nearest safe exit and stay calm.",Crawl Under Smoke. Find Exit.
"Simplify this emergency instruction into concise, actionable phrases: I need you to immediately lock the doors, turn off the lights, and remain silent without panicking.",Lock Doors. Lights Off. Remain Silent.
"Simplify this emergency instruction into concise, actionable phrases: Quickly leave your belongings behind and evacuate the building immediately before the situation worsens.",Leave Belongings. Evacuate Now.
"Simplify this emergency instruction into concise, actionable phrases: Right now, you need to cover your nose and mouth with a wet cloth and stay low to the ground to ensure your safety.",Cover Nose. Stay Low.
"Simplify this emergency instruction into concise, actionable phrases: It is very important that you activate the fire alarm on your way out of the corridor.",Activate Alarm. Exit Corridor.
"Simplify this emergency instruction into concise, actionable phrases: Please proceed to the nearest emergency exit immediately and do not use the elevators following emergency procedures.",Nearest. Exit. No Elevators.
"Simplify this emergency instruction into concise, actionable phrases: I need you to immediately check for breathing and begin cpr if necessary carefully.",Check Breathing. Start CPR.
"Simplify this emergency instruction into concise, actionable phrases: Action required: leave your belongings behind and evacuate the building immediately.",Leave Belongings. Evacuate Now.
"Simplify this emergency instruction into concise, actionable phrases: You must stay away from electrical outlets and avoid using wired devices as soon as possible.",Avoid Outlets. No Wired Devices.
"Simplify this emergency instruction into concise, actionable phrases: Move inland to higher ground immediately after the warning following emergency procedures.",Inland. Higher Ground.
"Simplify this emergency instruction into concise, actionable phrases: Make sure you lock the doors, turn off the lights, and remain silent before the situation worsens.",Lock Doors. Lights Off. Remain Silent.
"Simplify this emergency instruction into concise, actionable phrases: Emergency: find a safe place to hide and stay quiet until help arrives right now.",Hide. Stay Quiet.
"Simplify this emergency instruction into concise, actionable phrases: Warning: leave your belongings behind and evacuate the building immediately before the situation worsens.",Leave Belongings. Evacuate Now.
"Simplify this emergency instruction into concise, actionable phrases: It is very important that you cover your nose and mouth with a wet cloth and stay low to the ground.",Cover Nose. Stay Low.
"Simplify this emergency instruction into concise, actionable phrases: Make sure you move to higher ground immediately to avoid the floodwaters without panicking.",Move Higher. Avoid Flood.
"Simplify this emergency instruction into concise, actionable phrases: Kindly stay away from electrical outlets and avoid using wired devices while waiting for responders.",Avoid Outlets. No Wired Devices.
"Simplify this emergency instruction into concise, actionable phrases: Warning: lock the doors, turn off the lights, and remain silent before the situation worsens.",Lock Doors. Lights Off. Remain Silent.
"Simplify this emergency instruction into concise, actionable phrases: For your safety, please cover your nose and mouth with a wet cloth and stay low to the ground right now.",Cover Nose. Stay Low.
"Simplify this emergency instruction into concise, actionable phrases: Kindly take the left exit door and go down the stairs slowly without panicking.",Left. Exit. Stairs. Slowly.
"Simplify this emergency instruction into concise, actionable phrases: Make sure you lock the doors, turn off the lights, and remain silent without panicking.",Lock Doors. Lights Off. Remain Silent.
"Simplify this emergency instruction into concise, actionable phrases: Without delay, take the left exit door and go down the stairs slowly right now.",Left. Exit. Stairs. Slowly.
"Simplify this emergency instruction into concise, actionable phrases: I need you to immediately stay away from electrical outlets and avoid using wired devices.",Avoid Outlets. No Wired Devices.
"Simplify this emergency instruction into concise, actionable phrases: It is very important that you call an ambulance and wait outside for them to arrive as instructed.",Call Ambulance. Wait Outside.
"Simplify this emergency instruction into concise, actionable phrases: Quickly stay away from electrical outlets and avoid using wired devices as instructed.",Avoid Outlets. No Wired Devices.
"Simplify this emergency instruction into concise, actionable phrases: Without delay, turn off the main gas valve and evacuate the premises.",Turn Off Gas. Evacuate.
"Simplify this emergency instruction into concise, actionable phrases: Warning: secure all loose objects and stay away from glass panels and stay calm.",Secure Objects. Avoid Glass.
"Simplify this emergency instruction into concise, actionable phrases: You must crawl under the smoke to reach the nearest safe exit before the situation worsens.",Crawl Under Smoke. Find Exit.
"Simplify this emergency instruction into concise, actionable phrases: For your safety, please cover your nose and mouth with a wet cloth and stay low to the ground to ensure your safety.",Cover Nose. Stay Low.
"Simplify this emergency instruction into concise, actionable phrases: Action required: check for breathing and begin cpr if necessary right now.",Check Breathing. Start CPR.
"Simplify this emergency instruction into concise, actionable phrases: Warning: do not use the elevators, use the emergency fire stairs and help others if you can.",No Elevators. Use Stairs.
"Simplify this emergency instruction into concise, actionable phrases: Kindly turn off the main gas valve and evacuate the premises while waiting for responders.",Turn Off Gas. Evacuate.
"Simplify this emergency instruction into concise, actionable phrases: Please leave your belongings behind and evacuate the building immediately to ensure your safety.",Leave Belongings. Evacuate Now.
"Simplify this emergency instruction into concise, actionable phrases: You must find a safe place to hide and stay quiet until help arrives as instructed.",Hide. Stay Quiet.
"Simplify this emergency instruction into concise, actionable phrases: Attention: stay inside your vehicle and wait for emergency responders and help others if you can.",Stay In Vehicle. Wait.
"Simplify this emergency instruction into concise, actionable phrases: Without delay, move to higher ground immediately to avoid the floodwaters carefully.",Move Higher. Avoid Flood.
"Simplify this emergency instruction into concise, actionable phrases: You must find a safe place to hide and stay quiet until help arrives without panicking.",Hide. Stay Quiet.
"Simplify this emergency instruction into concise, actionable phrases: Make sure you cover your nose and mouth with a wet cloth and stay low to the ground to ensure your safety.",Cover Nose. Stay Low.
"Simplify this emergency instruction into concise, actionable phrases: I need you to immediately turn off the main gas valve and evacuate the premises and help others if you can.",Turn Off Gas. Evacuate.
"Simplify this emergency instruction into concise, actionable phrases: It is very important that you activate the fire alarm on your way out of the corridor right now.",Activate Alarm. Exit Corridor.
"Simplify this emergency instruction into concise, actionable phrases: I need you to immediately move to higher ground immediately to avoid the floodwaters and help others if you can.",Move Higher. Avoid Flood.
"Simplify this emergency instruction into concise, actionable phrases: Make sure you leave your belongings behind and evacuate the building immediately and help others if you can.",Leave Belongings. Evacuate Now.
"Simplify this emergency instruction into concise, actionable phrases: Please stay away from electrical outlets and avoid using wired devices as instructed.",Avoid Outlets. No Wired Devices.
"Simplify this emergency instruction into concise, actionable phrases: Emergency: turn off the main gas valve and evacuate the premises as instructed.",Turn Off Gas. Evacuate.
"Simplify this emergency instruction into concise, actionable phrases: Emergency: move to higher ground immediately to avoid the floodwaters before the situation worsens.",Move Higher. Avoid Flood.
"Simplify this emergency instruction into concise, actionable phrases: Attention: lock the doors, turn off the lights, and remain silent as soon as possible.",Lock Doors. Lights Off. Remain Silent.
"Simplify this emergency instruction into concise, actionable phrases: Make sure you apply direct pressure to the wound and elevate the injured area immediately.",Apply Pressure. Elevate Wound.
"Simplify this emergency instruction into concise, actionable phrases: Please use the fire extinguisher on the base of the flames while waiting for responders.",Extinguish Fire. Aim at Base.
"Simplify this emergency instruction into concise, actionable phrases: For your safety, please apply direct pressure to the wound and elevate the injured area to ensure your safety.",Apply Pressure. Elevate Wound.
"Simplify this emergency instruction into concise, actionable phrases: Attention: do not drink the tap water, use bottled water instead before the situation worsens.",No Tap Water. Use Bottled.
"Simplify this emergency instruction into concise, actionable phrases: Please make sure to secure all loose objects and stay away from glass panels.",Secure Objects. Avoid Glass.
"Simplify this emergency instruction into concise, actionable phrases: You must move to higher ground immediately to avoid the floodwaters while waiting for responders.",Move Higher. Avoid Flood.
"Simplify this emergency instruction into concise, actionable phrases: Warning: turn off the main gas valve and evacuate the premises to ensure your safety.",Turn Off Gas. Evacuate.
"Simplify this emergency instruction into concise, actionable phrases: Evacuate the contaminated area and avoid direct contact with the chemical.",Evacuate. Avoid Contact.
"Simplify this emergency instruction into concise, actionable phrases: Make sure you apply direct pressure to the wound and elevate the injured area before the situation worsens.",Apply Pressure. Elevate Wound.
"Simplify this emergency instruction into concise, actionable phrases: Evacuate the contaminated area and avoid direct contact with the chemical following emergency procedures.",Evacuate. Avoid Contact.
"Simplify this emergency instruction into concise, actionable phrases: Action required: call an ambulance and wait outside for them to arrive.",Call Ambulance. Wait Outside.
"Simplify this emergency instruction into concise, actionable phrases: Close the door behind you to slow the spread of fire immediately.",Close Door. Slow Fire.
"Simplify this emergency instruction into concise, actionable phrases: Kindly do not drink the tap water, use bottled water instead without panicking.",No Tap Water. Use Bottled.
"Simplify this emergency instruction into concise, actionable phrases: For your safety, please stay away from electrical outlets and avoid using wired devices while waiting for responders.",Avoid Outlets. No Wired Devices.
"Simplify this emergency instruction into concise, actionable phrases: I need you to immediately do not use the elevators, use the emergency fire stairs.",No Elevators. Use Stairs.
"Simplify this emergency instruction into concise, actionable phrases: Warning: stay away from electrical outlets and avoid using wired devices as instructed.",Avoid Outlets. No Wired Devices.
"Simplify this emergency instruction into concise, actionable phrases: Protect your head and neck until the danger passes immediately.",Protect Head. Protect Neck.
"Simplify this emergency instruction into concise, actionable phrases: Right now, you need to take the left exit door and go down the stairs slowly and stay calm.",Left. Exit. Stairs. Slowly.
"Simplify this emergency instruction into concise, actionable phrases: Without delay, lock the doors, turn off the lights, and remain silent as soon as possible.",Lock Doors. Lights Off. Remain Silent.
"Simplify this emergency instruction into concise, actionable phrases: I need you to immediately secure all loose objects and stay away from glass panels before the situation worsens.",Secure Objects. Avoid Glass.
"Simplify this emergency instruction into concise, actionable phrases: Please make sure to lock the doors, turn off the lights, and remain silent without panicking.",Lock Doors. Lights Off. Remain Silent.
"Simplify this emergency instruction into concise, actionable phrases: Warning: use the fire extinguisher on the base of the flames to ensure your safety.",Extinguish Fire. Aim at Base.
"Simplify this emergency instruction into concise, actionable phrases: It is very important that you check for breathing and begin cpr if necessary without panicking.",Check Breathing. Start CPR.
"Simplify this emergency instruction into concise, actionable phrases: Without delay, activate the fire alarm on your way out of the corridor as instructed.",Activate Alarm. Exit Corridor.
"Simplify this emergency instruction into concise, actionable phrases: I need you to immediately leave your belongings behind and evacuate the building immediately immediately.",Leave Belongings. Evacuate Now.
"Simplify this emergency instruction into concise, actionable phrases: Quickly drop to the floor, take cover under a sturdy table, and hold on without panicking.",Drop. Cover. Hold On.
"Simplify this emergency instruction into concise, actionable phrases: Action required: crawl under the smoke to reach the nearest safe exit and help others if you can.",Crawl Under Smoke. Find Exit.
"Simplify this emergency instruction into concise, actionable phrases: Emergency: drop to the floor, take cover under a sturdy table, and hold on without panicking.",Drop. Cover. Hold On.
"Simplify this emergency instruction into concise, actionable phrases: Right now, you need to cover your nose and mouth with a wet cloth and stay low to the ground immediately.",Cover Nose. Stay Low.
"Simplify this emergency instruction into concise, actionable phrases: Kindly activate the fire alarm on your way out of the corridor immediately.",Activate Alarm. Exit Corridor.
"Simplify this emergency instruction into concise, actionable phrases: I need you to immediately drop to the floor, take cover under a sturdy table, and hold on carefully.",Drop. Cover. Hold On.
"Simplify this emergency instruction into concise, actionable phrases: For your safety, please do not drink the tap water, use bottled water instead without panicking.",No Tap Water. Use Bottled.
"Simplify this emergency instruction into concise, actionable phrases: Please cover your nose and mouth with a wet cloth and stay low to the ground to ensure your safety.",Cover Nose. Stay Low.
"Simplify this emergency instruction into concise, actionable phrases: Warning: cover your nose and mouth with a wet cloth and stay low to the ground.",Cover Nose. Stay Low.
"Simplify this emergency instruction into concise, actionable phrases: Please make sure to move away from the windows and find a secure room and help others if you can.",Away From Windows. Secure Room.
"Simplify this emergency instruction into concise, actionable phrases: It is very important that you find a safe place to hide and stay quiet until help arrives carefully.",Hide. Stay Quiet.
"Simplify this emergency instruction into concise, actionable phrases: You must lock the doors, turn off the lights, and remain silent immediately.",Lock Doors. Lights Off. Remain Silent.
"Simplify this emergency instruction into concise, actionable phrases: Without delay, call an ambulance and wait outside for them to arrive before the situation worsens.",Call Ambulance. Wait Outside.
"Simplify this emergency instruction into concise, actionable phrases: Please move away from the windows and find a secure room as instructed.",Away From Windows. Secure Room.
"Simplify this emergency instruction into concise, actionable phrases: Emergency: stay away from electrical outlets and avoid using wired devices as instructed.",Avoid Outlets. No Wired Devices.
"Simplify this emergency instruction into concise, actionable phrases: It is very important that you cover your nose and mouth with a wet cloth and stay low to the ground while waiting for responders.",Cover Nose. Stay Low.
"Simplify this emergency instruction into concise, actionable phrases: I need you to immediately move away from the windows and find a secure room and help others if you can.",Away From Windows. Secure Room.
"Simplify this emergency instruction into concise, actionable phrases: It is very important that you stay inside your vehicle and wait for emergency responders immediately.",Stay In Vehicle. Wait.
"Simplify this emergency instruction into concise, actionable phrases: Move immediately to higher ground and avoid walking through floodwater without delay.",Higher Ground. Avoid Floodwater.
"Simplify this emergency instruction into concise, actionable phrases: Hide in a secure room and silence your mobile phone without delay.",Hide. Silence Phone.
"Simplify this emergency instruction into concise, actionable phrases: You must stay away from electrical outlets and avoid using wired devices as instructed.",Avoid Outlets. No Wired Devices.
"Simplify this emergency instruction into concise, actionable phrases: Without delay, cover your nose and mouth with a wet cloth and stay low to the ground as soon as possible.",Cover Nose. Stay Low.
"Simplify this emergency instruction into concise, actionable phrases: Please use the fire extinguisher on the base of the flames as instructed.",Extinguish Fire. Aim at Base.
"Simplify this emergency instruction into concise, actionable phrases: Drop to the ground, take cover under a sturdy table, and hold on until the shaking stops if it is safe to do so.",Drop. Cover. Hold.
"Simplify this emergency instruction into concise, actionable phrases: Action required: cover your nose and mouth with a wet cloth and stay low to the ground as soon as possible.",Cover Nose. Stay Low.
"Simplify this emergency instruction into concise, actionable phrases: It is very important that you do not use the elevators, use the emergency fire stairs while waiting for responders.",No Elevators. Use Stairs.
"Simplify this emergency instruction into concise, actionable phrases: For your safety, please find a safe place to hide and stay quiet until help arrives to ensure your safety.",Hide. Stay Quiet.
"Simplify this emergency instruction into concise, actionable phrases: You must do not drink the tap water, use bottled water instead as instructed.",No Tap Water. Use Bottled.
"Simplify this emergency instruction into concise, actionable phrases: Please stay inside your vehicle and wait for emergency responders carefully.",Stay In Vehicle. Wait.
"Simplify this emergency instruction into concise, actionable phrases: Move inland to higher ground immediately after the warning without delay.",Inland. Higher Ground.
"Simplify this emergency instruction into concise, actionable phrases: Emergency: take the left exit door and go down the stairs slowly as soon as possible.",Left. Exit. Stairs. Slowly.
"Simplify this emergency instruction into concise, actionable phrases: Emergency: do not drink the tap water, use bottled water instead and help others if you can.",No Tap Water. Use Bottled.
"Simplify this emergency instruction into concise, actionable phrases: Please make sure to use the fire extinguisher on the base of the flames right now.",Extinguish Fire. Aim at Base.
"Simplify this emergency instruction into concise, actionable phrases: Emergency: lock the doors, turn off the lights, and remain silent to ensure your safety.",Lock Doors. Lights Off. Remain Silent.
"Simplify this emergency instruction into concise, actionable phrases: Move away from windows and heavy furniture immediately following emergency procedures.",Away. Windows. Furniture.
"Simplify this emergency instruction into concise, actionable phrases: You must secure all loose objects and stay away from glass panels carefully.",Secure Objects. Avoid Glass.
"Simplify this emergency instruction into concise, actionable phrases: Move inland to higher ground immediately after the warning as quickly as possible.",Inland. Higher Ground.
"Simplify this emergency instruction into concise, actionable phrases: Right now, you need to activate the fire alarm on your way out of the corridor and help others if you can.",Activate Alarm. Exit Corridor.
"Simplify this emergency instruction into concise, actionable phrases: Please make sure to activate the fire alarm on your way out of the corridor immediately.",Activate Alarm. Exit Corridor.
"Simplify this emergency instruction into concise, actionable phrases: Please make sure to leave your belongings behind and evacuate the building immediately right now.",Leave Belongings. Evacuate Now.
"Simplify this emergency instruction into concise, actionable phrases: Please activate the fire alarm on your way out of the corridor and stay calm.",Activate Alarm. Exit Corridor.
"Simplify this emergency instruction into concise, actionable phrases: I need you to immediately do not use the elevators, use the emergency fire stairs as soon as possible.",No Elevators. Use Stairs.
"Simplify this emergency instruction into concise, actionable phrases: Quickly do not use the elevators, use the emergency fire stairs as soon as possible.",No Elevators. Use Stairs.
"Simplify this emergency instruction into concise, actionable phrases: It is very important that you stay away from electrical outlets and avoid using wired devices without panicking.",Avoid Outlets. No Wired Devices.
"Simplify this emergency instruction into concise, actionable phrases: Without delay, find a safe place to hide and stay quiet until help arrives while waiting for responders.",Hide. Stay Quiet.
"Simplify this emergency instruction into concise, actionable phrases: Kindly lock the doors, turn off the lights, and remain silent without panicking.",Lock Doors. Lights Off. Remain Silent.
"Simplify this emergency instruction into concise, actionable phrases: Attention: stay away from electrical outlets and avoid using wired devices carefully.",Avoid Outlets. No Wired Devices.
"Simplify this emergency instruction into concise, actionable phrases: Make sure you apply direct pressure to the wound and elevate the injured area.",Apply Pressure. Elevate Wound.
"Simplify this emergency instruction into concise, actionable phrases: For your safety, please do not drink the tap water, use bottled water instead as soon as possible.",No Tap Water. Use Bottled.
"Simplify this emergency instruction into concise, actionable phrases: It is very important that you find a safe place to hide and stay quiet until help arrives to ensure your safety.",Hide. Stay Quiet.
"Simplify this emergency instruction into concise, actionable phrases: Quickly move to higher ground immediately to avoid the floodwaters and help others if you can.",Move Higher. Avoid Flood.
"Simplify this emergency instruction into concise, actionable phrases: Warning: turn off the main gas valve and evacuate the premises and help others if you can.",Turn Off Gas. Evacuate.
"Simplify this emergency instruction into concise, actionable phrases: For your safety, please turn off the main gas valve and evacuate the premises without panicking.",Turn Off Gas. Evacuate.
"Simplify this emergency instruction into concise, actionable phrases: I need you to immediately cover your nose and mouth with a wet cloth and stay low to the ground.",Cover Nose. Stay Low.
"Simplify this emergency instruction into concise, actionable phrases: Kindly take the left exit door and go down the stairs slowly right now.",Left. Exit. Stairs. Slowly.
"Simplify this emergency instruction into concise, actionable phrases: Warning: take the left exit door and go down the stairs slowly.",Left. Exit. Stairs. Slowly.
"Simplify this emergency instruction into concise, actionable phrases: I need you to immediately use the fire extinguisher on the base of the flames as soon as possible.",Extinguish Fire. Aim at Base.
"Simplify this emergency instruction into concise, actionable phrases: Make sure you move to higher ground immediately to avoid the floodwaters immediately.",Move Higher. Avoid Flood.
"Simplify this emergency instruction into concise, actionable phrases: Please leave your belongings behind and evacuate the building immediately before the situation worsens.",Leave Belongings. Evacuate Now.
"Simplify this emergency instruction into concise, actionable phrases: You must stay away from electrical outlets and avoid using wired devices to ensure your safety.",Avoid Outlets. No Wired Devices.
"Simplify this emergency instruction into concise, actionable phrases: It is very important that you activate the fire alarm on your way out of the corridor and help others if you can.",Activate Alarm. Exit Corridor.
"Simplify this emergency instruction into concise, actionable phrases: Kindly call an ambulance and wait outside for them to arrive right now.",Call Ambulance. Wait Outside.
"Simplify this emergency instruction into concise, actionable phrases: Action required: leave your belongings behind and evacuate the building immediately and help others if you can.",Leave Belongings. Evacuate Now.
"Simplify this emergency instruction into concise, actionable phrases: Make sure you cover your nose and mouth with a wet cloth and stay low to the ground immediately.",Cover Nose. Stay Low.
"Simplify this emergency instruction into concise, actionable phrases: Drop to the ground, take cover under a sturdy table, and hold on until the shaking stops without delay.",Drop. Cover. Hold.
"Simplify this emergency instruction into concise, actionable phrases: Please leave your belongings behind and evacuate the building immediately.",Leave Belongings. Evacuate Now.
"Simplify this emergency instruction into concise, actionable phrases: After the shaking ends, evacuate using the stairs as quickly as possible.",Shaking Stops. Exit. Stairs.
"Simplify this emergency instruction into concise, actionable phrases: Action required: do not drink the tap water, use bottled water instead before the situation worsens.",No Tap Water. Use Bottled.
"Simplify this emergency instruction into concise, actionable phrases: I need you to immediately drop to the floor, take cover under a sturdy table, and hold on as instructed.",Drop. Cover. Hold On.
"Simplify this emergency instruction into concise, actionable phrases: Emergency: check for breathing and begin cpr if necessary.",Check Breathing. Start CPR.
"Simplify this emergency instruction into concise, actionable phrases: I need you to immediately call an ambulance and wait outside for them to arrive.",Call Ambulance. Wait Outside.
"Simplify this emergency instruction into concise, actionable phrases: It is very important that you check for breathing and begin cpr if necessary while waiting for responders.",Check Breathing. Start CPR.
"Simplify this emergency instruction into concise, actionable phrases: Attention: check for breathing and begin cpr if necessary right now.",Check Breathing. Start CPR.
"Simplify this emergency instruction into concise, actionable phrases: For your safety, please cover your nose and mouth with a wet cloth and stay low to the ground and stay calm.",Cover Nose. Stay Low.
"Simplify this emergency instruction into concise, actionable phrases: Quickly take the left exit door and go down the stairs slowly without panicking.",Left. Exit. Stairs. Slowly.
"Simplify this emergency instruction into concise, actionable phrases: You must activate the fire alarm on your way out of the corridor without panicking.",Activate Alarm. Exit Corridor.
"Simplify this emergency instruction into concise, actionable phrases: Emergency: do not use the elevators, use the emergency fire stairs right now.",No Elevators. Use Stairs.
"Simplify this emergency instruction into concise, actionable phrases: You must stay away from electrical outlets and avoid using wired devices.",Avoid Outlets. No Wired Devices.
"Simplify this emergency instruction into concise, actionable phrases: Quickly call an ambulance and wait outside for them to arrive to ensure your safety.",Call Ambulance. Wait Outside.
"Simplify this emergency instruction into concise, actionable phrases: Please find a safe place to hide and stay quiet until help arrives before the situation worsens.",Hide. Stay Quiet.
"Simplify this emergency instruction into concise, actionable phrases: After the shaking ends, evacuate using the stairs without delay.",Shaking Stops. Exit. Stairs.
"Simplify this emergency instruction into concise, actionable phrases: Go to the lowest floor and stay away from windows.",Lowest Floor. Away Windows.
"Simplify this emergency instruction into concise, actionable phrases: Stay low to avoid smoke inhalation while moving toward the exit following emergency procedures.",Stay Low. Avoid Smoke. Exit.
"Simplify this emergency instruction into concise, actionable phrases: I need you to immediately move away from the windows and find a secure room while waiting for responders.",Away From Windows. Secure Room.
"Simplify this emergency instruction into concise, actionable phrases: For your safety, please move away from the windows and find a secure room carefully.",Away From Windows. Secure Room.
"Simplify this emergency instruction into concise, actionable phrases: Leave the building immediately and avoid using electrical switches and assist others nearby.",Leave Building. No Switches.
"Simplify this emergency instruction into concise, actionable phrases: Warning: do not drink the tap water, use bottled water instead to ensure your safety.",No Tap Water. Use Bottled.
"Simplify this emergency instruction into concise, actionable phrases: Move immediately to higher ground and avoid walking through floodwater while remaining calm.",Higher Ground. Avoid Floodwater.
"Simplify this emergency instruction into concise, actionable phrases: It is very important that you do not use the elevators, use the emergency fire stairs without panicking.",No Elevators. Use Stairs.
"Simplify this emergency instruction into concise, actionable phrases: For your safety, please apply direct pressure to the wound and elevate the injured area right now.",Apply Pressure. Elevate Wound.
"Simplify this emergency instruction into concise, actionable phrases: For your safety, please apply direct pressure to the wound and elevate the injured area and stay calm.",Apply Pressure. Elevate Wound.
"Simplify this emergency instruction into concise, actionable phrases: Warning: do not use the elevators, use the emergency fire stairs right now.",No Elevators. Use Stairs.
"Simplify this emergency instruction into concise, actionable phrases: I need you to immediately apply direct pressure to the wound and elevate the injured area and stay calm.",Apply Pressure. Elevate Wound.
"Simplify this emergency instruction into concise, actionable phrases: Drop to the ground, take cover under a sturdy table, and hold on until the shaking stops and assist others nearby.",Drop. Cover. Hold.
"Simplify this emergency instruction into concise, actionable phrases: Apply firm pressure to the wound until help arrives without delay.",Pressure. Wound.
"Simplify this emergency instruction into concise, actionable phrases: I need you to immediately lock the doors, turn off the lights, and remain silent while waiting for responders.",Lock Doors. Lights Off. Remain Silent.
"Simplify this emergency instruction into concise, actionable phrases: Attention: stay away from electrical outlets and avoid using wired devices while waiting for responders.",Avoid Outlets. No Wired Devices.
"Simplify this emergency instruction into concise, actionable phrases: Run away from the attacker if a safe escape route is available if it is safe to do so.",Run. Escape.
"Simplify this emergency instruction into concise, actionable phrases: Apply firm pressure to the wound until help arrives as quickly as possible.",Pressure. Wound.
"Simplify this emergency instruction into concise, actionable phrases: Please make sure to move to higher ground immediately to avoid the floodwaters without panicking.",Move Higher. Avoid Flood.
"Simplify this emergency instruction into concise, actionable phrases: Please use the fire extinguisher on the base of the flames right now.",Extinguish Fire. Aim at Base.
"Simplify this emergency instruction into concise, actionable phrases: Right now, you need to crawl under the smoke to reach the nearest safe exit.",Crawl Under Smoke. Find Exit.
"Simplify this emergency instruction into concise, actionable phrases: You must call an ambulance and wait outside for them to arrive immediately.",Call Ambulance. Wait Outside.
"Simplify this emergency instruction into concise, actionable phrases: Right now, you need to take the left exit door and go down the stairs slowly without panicking.",Left. Exit. Stairs. Slowly.
"Simplify this emergency instruction into concise, actionable phrases: I need you to immediately do not drink the tap water, use bottled water instead carefully.",No Tap Water. Use Bottled.
"Simplify this emergency instruction into concise, actionable phrases: Quickly turn off the main gas valve and evacuate the premises and help others if you can.",Turn Off Gas. Evacuate.
"Simplify this emergency instruction into concise, actionable phrases: I need you to immediately leave your belongings behind and evacuate the building immediately as instructed.",Leave Belongings. Evacuate Now.
"Simplify this emergency instruction into concise, actionable phrases: Go to the lowest floor and stay away from windows and assist others nearby.",Lowest Floor. Away Windows.
"Simplify this emergency instruction into concise, actionable phrases: Make sure you find a safe place to hide and stay quiet until help arrives and stay calm.",Hide. Stay Quiet.
"Simplify this emergency instruction into concise, actionable phrases: Please make sure to crawl under the smoke to reach the nearest safe exit while waiting for responders.",Crawl Under Smoke. Find Exit.
"Simplify this emergency instruction into concise, actionable phrases: I need you to immediately turn off the main gas valve and evacuate the premises carefully.",Turn Off Gas. Evacuate.
"Simplify this emergency instruction into concise, actionable phrases: Emergency: take the left exit door and go down the stairs slowly while waiting for responders.",Left. Exit. Stairs. Slowly.
"Simplify this emergency instruction into concise, actionable phrases: For your safety, please leave your belongings behind and evacuate the building immediately as instructed.",Leave Belongings. Evacuate Now.
"Simplify this emergency instruction into concise, actionable phrases: Attention: move away from the windows and find a secure room to ensure your safety.",Away From Windows. Secure Room.
"Simplify this emergency instruction into concise, actionable phrases: Make sure you leave your belongings behind and evacuate the building immediately carefully.",Leave Belongings. Evacuate Now.
"Simplify this emergency instruction into concise, actionable phrases: Drop to the ground, take cover under a sturdy table, and hold on until the shaking stops.",Drop. Cover. Hold.
"Simplify this emergency instruction into concise, actionable phrases: Attention: cover your nose and mouth with a wet cloth and stay low to the ground before the situation worsens.",Cover Nose. Stay Low.
"Simplify this emergency instruction into concise, actionable phrases: Kindly call an ambulance and wait outside for them to arrive while waiting for responders.",Call Ambulance. Wait Outside.
"Simplify this emergency instruction into concise, actionable phrases: Kindly cover your nose and mouth with a wet cloth and stay low to the ground and help others if you can.",Cover Nose. Stay Low.
"Simplify this emergency instruction into concise, actionable phrases: Make sure you activate the fire alarm on your way out of the corridor and stay calm.",Activate Alarm. Exit Corridor.
"Simplify this emergency instruction into concise, actionable phrases: Please find a safe place to hide and stay quiet until help arrives and help others if you can.",Hide. Stay Quiet.
"Simplify this emergency instruction into concise, actionable phrases: Report the gas leak from a safe location without delay.",Safe Location. Report Leak.
"Simplify this emergency instruction into concise, actionable phrases: Emergency: cover your nose and mouth with a wet cloth and stay low to the ground and help others if you can.",Cover Nose. Stay Low.
"Simplify this emergency instruction into concise, actionable phrases: Leave the building immediately and avoid using electrical switches as quickly as possible.",Leave Building. No Switches.
"Simplify this emergency instruction into concise, actionable phrases: Right now, you need to stay inside your vehicle and wait for emergency responders without panicking.",Stay In Vehicle. Wait.
"Simplify this emergency instruction into concise, actionable phrases: You must cover your nose and mouth with a wet cloth and stay low to the ground carefully.",Cover Nose. Stay Low.
"Simplify this emergency instruction into concise, actionable phrases: Right now, you need to cover your nose and mouth with a wet cloth and stay low to the ground and stay calm.",Cover Nose. Stay Low.
"Simplify this emergency instruction into concise, actionable phrases: Emergency: crawl under the smoke to reach the nearest safe exit before the situation worsens.",Crawl Under Smoke. Find Exit.
"Simplify this emergency instruction into concise, actionable phrases: Quickly activate the fire alarm on your way out of the corridor before the situation worsens.",Activate Alarm. Exit Corridor.
"Simplify this emergency instruction into concise, actionable phrases: Warning: move away from the windows and find a secure room and help others if you can.",Away From Windows. Secure Room.
"Simplify this emergency instruction into concise, actionable phrases: Please make sure to call an ambulance and wait outside for them to arrive before the situation worsens.",Call Ambulance. Wait Outside.
"Simplify this emergency instruction into concise, actionable phrases: Please make sure to stay inside your vehicle and wait for emergency responders without panicking.",Stay In Vehicle. Wait.
"Simplify this emergency instruction into concise, actionable phrases: Quickly use the fire extinguisher on the base of the flames and help others if you can.",Extinguish Fire. Aim at Base.
"Simplify this emergency instruction into concise, actionable phrases: Right now, you need to leave your belongings behind and evacuate the building immediately as instructed.",Leave Belongings. Evacuate Now.
"Simplify this emergency instruction into concise, actionable phrases: You must move to higher ground immediately to avoid the floodwaters to ensure your safety.",Move Higher. Avoid Flood.
"Simplify this emergency instruction into concise, actionable phrases: Emergency: check for breathing and begin cpr if necessary and help others if you can.",Check Breathing. Start CPR.
"Simplify this emergency instruction into concise, actionable phrases: Warning: call an ambulance and wait outside for them to arrive before the situation worsens.",Call Ambulance. Wait Outside.
"Simplify this emergency instruction into concise, actionable phrases: I need you to immediately apply direct pressure to the wound and elevate the injured area while waiting for responders.",Apply Pressure. Elevate Wound.
"Simplify this emergency instruction into concise, actionable phrases: Emergency: stay inside your vehicle and wait for emergency responders.",Stay In Vehicle. Wait.
"Simplify this emergency instruction into concise, actionable phrases: Right now, you need to call an ambulance and wait outside for them to arrive as soon as possible.",Call Ambulance. Wait Outside.
"Simplify this emergency instruction into concise, actionable phrases: Action required: crawl under the smoke to reach the nearest safe exit to ensure your safety.",Crawl Under Smoke. Find Exit.
"Simplify this emergency instruction into concise, actionable phrases: Turn off electricity if it is safe before leaving the building without delay.",Power Off. Evacuate.
"Simplify this emergency instruction into concise, actionable phrases: Emergency: turn off the main gas valve and evacuate the premises while waiting for responders.",Turn Off Gas. Evacuate.
"Simplify this emergency instruction into concise, actionable phrases: Emergency: lock the doors, turn off the lights, and remain silent immediately.",Lock Doors. Lights Off. Remain Silent.
"Simplify this emergency instruction into concise, actionable phrases: I need you to immediately use the fire extinguisher on the base of the flames before the situation worsens.",Extinguish Fire. Aim at Base.
"Simplify this emergency instruction into concise, actionable phrases: I need you to immediately stay inside your vehicle and wait for emergency responders and help others if you can.",Stay In Vehicle. Wait.
"Simplify this emergency instruction into concise, actionable phrases: Without delay, apply direct pressure to the wound and elevate the injured area while waiting for responders.",Apply Pressure. Elevate Wound.
"Simplify this emergency instruction into concise, actionable phrases: Warning: do not use the elevators, use the emergency fire stairs carefully.",No Elevators. Use Stairs.
"Simplify this emergency instruction into concise, actionable phrases: Turn off electricity if it is safe before leaving the building and assist others nearby.",Power Off. Evacuate.
"Simplify this emergency instruction into concise, actionable phrases: I need you to immediately cover your nose and mouth with a wet cloth and stay low to the ground as soon as possible.",Cover Nose. Stay Low.
"Simplify this emergency instruction into concise, actionable phrases: Stay away from the shoreline until officials declare it safe and assist others nearby.",Away Shoreline. Wait Clearance.
"Simplify this emergency instruction into concise, actionable phrases: I need you to immediately call an ambulance and wait outside for them to arrive without panicking.",Call Ambulance. Wait Outside.
"Simplify this emergency instruction into concise, actionable phrases: Emergency: stay away from electrical outlets and avoid using wired devices and help others if you can.",Avoid Outlets. No Wired Devices.
"Simplify this emergency instruction into concise, actionable phrases: Kindly drop to the floor, take cover under a sturdy table, and hold on immediately.",Drop. Cover. Hold On.
"Simplify this emergency instruction into concise, actionable phrases: I need you to immediately move away from the windows and find a secure room before the situation worsens.",Away From Windows. Secure Room.
"Simplify this emergency instruction into concise, actionable phrases: For your safety, please check for breathing and begin cpr if necessary as instructed.",Check Breathing. Start CPR.
"Simplify this emergency instruction into concise, actionable phrases: Emergency: lock the doors, turn off the lights, and remain silent while waiting for responders.",Lock Doors. Lights Off. Remain Silent.
"Simplify this emergency instruction into concise, actionable phrases: Make sure you stay inside your vehicle and wait for emergency responders to ensure your safety.",Stay In Vehicle. Wait.
"Simplify this emergency instruction into concise, actionable phrases: Protect your head and neck until the danger passes and assist others nearby.",Protect Head. Protect Neck.
"Simplify this emergency instruction into concise, actionable phrases: Kindly secure all loose objects and stay away from glass panels as instructed.",Secure Objects. Avoid Glass.
"Simplify this emergency instruction into concise, actionable phrases: Without delay, lock the doors, turn off the lights, and remain silent while waiting for responders.",Lock Doors. Lights Off. Remain Silent.
"Simplify this emergency instruction into concise, actionable phrases: Without delay, secure all loose objects and stay away from glass panels.",Secure Objects. Avoid Glass.
"Simplify this emergency instruction into concise, actionable phrases: Please make sure to move to higher ground immediately to avoid the floodwaters and help others if you can.",Move Higher. Avoid Flood.
"Simplify this emergency instruction into concise, actionable phrases: Turn off electricity if it is safe before leaving the building.",Power Off. Evacuate.
"Simplify this emergency instruction into concise, actionable phrases: Make sure you check for breathing and begin cpr if necessary right now.",Check Breathing. Start CPR.
"Simplify this emergency instruction into concise, actionable phrases: I need you to immediately stay inside your vehicle and wait for emergency responders and stay calm.",Stay In Vehicle. Wait.
"Simplify this emergency instruction into concise, actionable phrases: It is very important that you take the left exit door and go down the stairs slowly and help others if you can.",Left. Exit. Stairs. Slowly.
"Simplify this emergency instruction into concise, actionable phrases: Action required: crawl under the smoke to reach the nearest safe exit right now.",Crawl Under Smoke. Find Exit.
"Simplify this emergency instruction into concise, actionable phrases: It is very important that you crawl under the smoke to reach the nearest safe exit as instructed.",Crawl Under Smoke. Find Exit.
"Simplify this emergency instruction into concise, actionable phrases: For your safety, please lock the doors, turn off the lights, and remain silent as instructed.",Lock Doors. Lights Off. Remain Silent.
"Simplify this emergency instruction into concise, actionable phrases: Please make sure to take the left exit door and go down the stairs slowly and help others if you can.",Left. Exit. Stairs. Slowly.
"Simplify this emergency instruction into concise, actionable phrases: Warning: apply direct pressure to the wound and elevate the injured area right now.",Apply Pressure. Elevate Wound.
"Simplify this emergency instruction into concise, actionable phrases: It is very important that you move to higher ground immediately to avoid the floodwaters right now.",Move Higher. Avoid Flood.
"Simplify this emergency instruction into concise, actionable phrases: For your safety, please stay inside your vehicle and wait for emergency responders and stay calm.",Stay In Vehicle. Wait.
"Simplify this emergency instruction into concise, actionable phrases: Right now, you need to move to higher ground immediately to avoid the floodwaters while waiting for responders.",Move Higher. Avoid Flood.
"Simplify this emergency instruction into concise, actionable phrases: Please stay inside your vehicle and wait for emergency responders.",Stay In Vehicle. Wait.
"Simplify this emergency instruction into concise, actionable phrases: Attention: take the left exit door and go down the stairs slowly right now.",Left. Exit. Stairs. Slowly.
"Simplify this emergency instruction into concise, actionable phrases: It is very important that you leave your belongings behind and evacuate the building immediately.",Leave Belongings. Evacuate Now.
"Simplify this emergency instruction into concise, actionable phrases: Right now, you need to leave your belongings behind and evacuate the building immediately right now.",Leave Belongings. Evacuate Now.
"Simplify this emergency instruction into concise, actionable phrases: Attention: move to higher ground immediately to avoid the floodwaters.",Move Higher. Avoid Flood.
"Simplify this emergency instruction into concise, actionable phrases: You must secure all loose objects and stay away from glass panels without panicking.",Secure Objects. Avoid Glass.
"Simplify this emergency instruction into concise, actionable phrases: Move inland to higher ground immediately after the warning and assist others nearby.",Inland. Higher Ground.
"Simplify this emergency instruction into concise, actionable phrases: Please activate the fire alarm on your way out of the corridor before the situation worsens.",Activate Alarm. Exit Corridor.
"Simplify this emergency instruction into concise, actionable phrases: You must turn off the main gas valve and evacuate the premises while waiting for responders.",Turn Off Gas. Evacuate.
"Simplify this emergency instruction into concise, actionable phrases: Make sure you activate the fire alarm on your way out of the corridor to ensure your safety.",Activate Alarm. Exit Corridor.
"Simplify this emergency instruction into concise, actionable phrases: Attention: call an ambulance and wait outside for them to arrive immediately.",Call Ambulance. Wait Outside.
"Simplify this emergency instruction into concise, actionable phrases: Kindly call an ambulance and wait outside for them to arrive as instructed.",Call Ambulance. Wait Outside.
"Simplify this emergency instruction into concise, actionable phrases: Kindly move away from the windows and find a secure room without panicking.",Away From Windows. Secure Room.
"Simplify this emergency instruction into concise, actionable phrases: Do not re-enter the building until authorized without delay.",No Reentry. Wait Authorization.
"Simplify this emergency instruction into concise, actionable phrases: It is very important that you lock the doors, turn off the lights, and remain silent as soon as possible.",Lock Doors. Lights Off. Remain Silent.
"Simplify this emergency instruction into concise, actionable phrases: I need you to immediately take the left exit door and go down the stairs slowly to ensure your safety.",Left. Exit. Stairs. Slowly.
"Simplify this emergency instruction into concise, actionable phrases: Please turn off the main gas valve and evacuate the premises without panicking.",Turn Off Gas. Evacuate.
"Simplify this emergency instruction into concise, actionable phrases: Please check for breathing and begin cpr if necessary and stay calm.",Check Breathing. Start CPR.
"Simplify this emergency instruction into concise, actionable phrases: Please make sure to secure all loose objects and stay away from glass panels without panicking.",Secure Objects. Avoid Glass.
"Simplify this emergency instruction into concise, actionable phrases: Call emergency medical services immediately and begin CPR if the victim is unresponsive and assist others nearby.",Call Emergency. CPR.
"Simplify this emergency instruction into concise, actionable phrases: Kindly lock the doors, turn off the lights, and remain silent.",Lock Doors. Lights Off. Remain Silent.
"Simplify this emergency instruction into concise, actionable phrases: Quickly call an ambulance and wait outside for them to arrive carefully.",Call Ambulance. Wait Outside.
"Simplify this emergency instruction into concise, actionable phrases: Please do not drink the tap water, use bottled water instead and help others if you can.",No Tap Water. Use Bottled.
"Simplify this emergency instruction into concise, actionable phrases: Make sure you use the fire extinguisher on the base of the flames and stay calm.",Extinguish Fire. Aim at Base.
"Simplify this emergency instruction into concise, actionable phrases: It is very important that you move away from the windows and find a secure room carefully.",Away From Windows. Secure Room.
"Simplify this emergency instruction into concise, actionable phrases: Please lock the doors, turn off the lights, and remain silent as soon as possible.",Lock Doors. Lights Off. Remain Silent.
"Simplify this emergency instruction into concise, actionable phrases: I need you to immediately find a safe place to hide and stay quiet until help arrives to ensure your safety.",Hide. Stay Quiet.
"Simplify this emergency instruction into concise, actionable phrases: For your safety, please check for breathing and begin cpr if necessary before the situation worsens.",Check Breathing. Start CPR.
"Simplify this emergency instruction into concise, actionable phrases: Without delay, do not use the elevators, use the emergency fire stairs immediately.",No Elevators. Use Stairs.
"Simplify this emergency instruction into concise, actionable phrases: Please make sure to move away from the windows and find a secure room as soon as possible.",Away From Windows. Secure Room.
"Simplify this emergency instruction into concise, actionable phrases: Do not re-enter the building until authorized and assist others nearby.",No Reentry. Wait Authorization.
"Simplify this emergency instruction into concise, actionable phrases: It is very important that you call an ambulance and wait outside for them to arrive and help others if you can.",Call Ambulance. Wait Outside.
"Simplify this emergency instruction into concise, actionable phrases: Make sure you activate the fire alarm on your way out of the corridor as soon as possible.",Activate Alarm. Exit Corridor.
"Simplify this emergency instruction into concise, actionable phrases: Quickly turn off the main gas valve and evacuate the premises as instructed.",Turn Off Gas. Evacuate.
"Simplify this emergency instruction into concise, actionable phrases: Attention: check for breathing and begin cpr if necessary.",Check Breathing. Start CPR.
"Simplify this emergency instruction into concise, actionable phrases: Kindly crawl under the smoke to reach the nearest safe exit while waiting for responders.",Crawl Under Smoke. Find Exit.
"Simplify this emergency instruction into concise, actionable phrases: It is very important that you do not drink the tap water, use bottled water instead as instructed.",No Tap Water. Use Bottled.
"Simplify this emergency instruction into concise, actionable phrases: Action required: do not use the elevators, use the emergency fire stairs as soon as possible.",No Elevators. Use Stairs.
"Simplify this emergency instruction into concise, actionable phrases: Kindly secure all loose objects and stay away from glass panels while waiting for responders.",Secure Objects. Avoid Glass.
"Simplify this emergency instruction into concise, actionable phrases: Emergency: stay away from electrical outlets and avoid using wired devices carefully.",Avoid Outlets. No Wired Devices.
"Simplify this emergency instruction into concise, actionable phrases: Make sure you do not drink the tap water, use bottled water instead and stay calm.",No Tap Water. Use Bottled.
"Simplify this emergency instruction into concise, actionable phrases: Without delay, cover your nose and mouth with a wet cloth and stay low to the ground immediately.",Cover Nose. Stay Low.
"Simplify this emergency instruction into concise, actionable phrases: You must move away from the windows and find a secure room as instructed.",Away From Windows. Secure Room.
"Simplify this emergency instruction into concise, actionable phrases: I need you to immediately leave your belongings behind and evacuate the building immediately and help others if you can.",Leave Belongings. Evacuate Now.
"Simplify this emergency instruction into concise, actionable phrases: Warning: take the left exit door and go down the stairs slowly while waiting for responders.",Left. Exit. Stairs. Slowly.
"Simplify this emergency instruction into concise, actionable phrases: Make sure you do not use the elevators, use the emergency fire stairs as soon as possible.",No Elevators. Use Stairs.
"Simplify this emergency instruction into concise, actionable phrases: Please do not use the elevators, use the emergency fire stairs carefully.",No Elevators. Use Stairs.
"Simplify this emergency instruction into concise, actionable phrases: Quickly do not drink the tap water, use bottled water instead carefully.",No Tap Water. Use Bottled.
"Simplify this emergency instruction into concise, actionable phrases: Warning: leave your belongings behind and evacuate the building immediately immediately.",Leave Belongings. Evacuate Now.
"Simplify this emergency instruction into concise, actionable phrases: Warning: leave your belongings behind and evacuate the building immediately as instructed.",Leave Belongings. Evacuate Now.
"Simplify this emergency instruction into concise, actionable phrases: Please make sure to check for breathing and begin cpr if necessary without panicking.",Check Breathing. Start CPR.
"Simplify this emergency instruction into concise, actionable phrases: Please lock the doors, turn off the lights, and remain silent to ensure your safety.",Lock Doors. Lights Off. Remain Silent.
"Simplify this emergency instruction into concise, actionable phrases: You must stay inside your vehicle and wait for emergency responders carefully.",Stay In Vehicle. Wait.
"Simplify this emergency instruction into concise, actionable phrases: Call emergency medical services immediately and begin CPR if the victim is unresponsive following emergency procedures.",Call Emergency. CPR.
"Simplify this emergency instruction into concise, actionable phrases: Kindly turn off the main gas valve and evacuate the premises.",Turn Off Gas. Evacuate.
"Simplify this emergency instruction into concise, actionable phrases: Please stay away from electrical outlets and avoid using wired devices before the situation worsens.",Avoid Outlets. No Wired Devices.
"Simplify this emergency instruction into concise, actionable phrases: Quickly do not use the elevators, use the emergency fire stairs carefully.",No Elevators. Use Stairs.
"Simplify this emergency instruction into concise, actionable phrases: Without delay, do not use the elevators, use the emergency fire stairs as soon as possible.",No Elevators. Use Stairs.
"Simplify this emergency instruction into concise, actionable phrases: Quickly drop to the floor, take cover under a sturdy table, and hold on.",Drop. Cover. Hold On.
"Simplify this emergency instruction into concise, actionable phrases: Quickly apply direct pressure to the wound and elevate the injured area and stay calm.",Apply Pressure. Elevate Wound.
"Simplify this emergency instruction into concise, actionable phrases: Please make sure to drop to the floor, take cover under a sturdy table, and hold on without panicking.",Drop. Cover. Hold On.
"Simplify this emergency instruction into concise, actionable phrases: You must call an ambulance and wait outside for them to arrive and help others if you can.",Call Ambulance. Wait Outside.
"Simplify this emergency instruction into concise, actionable phrases: I need you to immediately check for breathing and begin cpr if necessary as instructed.",Check Breathing. Start CPR.
"Simplify this emergency instruction into concise, actionable phrases: You must activate the fire alarm on your way out of the corridor immediately.",Activate Alarm. Exit Corridor.
"Simplify this emergency instruction into concise, actionable phrases: Warning: check for breathing and begin cpr if necessary as instructed.",Check Breathing. Start CPR.
"Simplify this emergency instruction into concise, actionable phrases: Please move away from the windows and find a secure room right now.",Away From Windows. Secure Room.
"Simplify this emergency instruction into concise, actionable phrases: I need you to immediately apply direct pressure to the wound and elevate the injured area without panicking.",Apply Pressure. Elevate Wound.
"Simplify this emergency instruction into concise, actionable phrases: Warning: drop to the floor, take cover under a sturdy table, and hold on as instructed.",Drop. Cover. Hold On.
"Simplify this emergency instruction into concise, actionable phrases: Kindly drop to the floor, take cover under a sturdy table, and hold on as soon as possible.",Drop. Cover. Hold On.
"Simplify this emergency instruction into concise, actionable phrases: Please make sure to check for breathing and begin cpr if necessary to ensure your safety.",Check Breathing. Start CPR.
"Simplify this emergency instruction into concise, actionable phrases: Right now, you need to stay away from electrical outlets and avoid using wired devices immediately.",Avoid Outlets. No Wired Devices.
"Simplify this emergency instruction into concise, actionable phrases: Make sure you do not drink the tap water, use bottled water instead to ensure your safety.",No Tap Water. Use Bottled.
"Simplify this emergency instruction into concise, actionable phrases: For your safety, please stay inside your vehicle and wait for emergency responders without panicking.",Stay In Vehicle. Wait.
"Simplify this emergency instruction into concise, actionable phrases: Kindly stay away from electrical outlets and avoid using wired devices and stay calm.",Avoid Outlets. No Wired Devices.
"Simplify this emergency instruction into concise, actionable phrases: Without delay, stay inside your vehicle and wait for emergency responders to ensure your safety.",Stay In Vehicle. Wait.
"Simplify this emergency instruction into concise, actionable phrases: Please drop to the floor, take cover under a sturdy table, and hold on.",Drop. Cover. Hold On.
"Simplify this emergency instruction into concise, actionable phrases: For your safety, please stay away from electrical outlets and avoid using wired devices right now.",Avoid Outlets. No Wired Devices.
"Simplify this emergency instruction into concise, actionable phrases: Right now, you need to activate the fire alarm on your way out of the corridor immediately.",Activate Alarm. Exit Corridor.
"Simplify this emergency instruction into concise, actionable phrases: Quickly stay away from electrical outlets and avoid using wired devices and stay calm.",Avoid Outlets. No Wired Devices.
"Simplify this emergency instruction into concise, actionable phrases: Quickly activate the fire alarm on your way out of the corridor while waiting for responders.",Activate Alarm. Exit Corridor.
"Simplify this emergency instruction into concise, actionable phrases: Attention: lock the doors, turn off the lights, and remain silent right now.",Lock Doors. Lights Off. Remain Silent.
"Simplify this emergency instruction into concise, actionable phrases: Emergency: do not drink the tap water, use bottled water instead carefully.",No Tap Water. Use Bottled.
"Simplify this emergency instruction into concise, actionable phrases: Please do not drink the tap water, use bottled water instead carefully.",No Tap Water. Use Bottled.
"Simplify this emergency instruction into concise, actionable phrases: Please drop to the floor, take cover under a sturdy table, and hold on while waiting for responders.",Drop. Cover. Hold On.
"Simplify this emergency instruction into concise, actionable phrases: Make sure you stay away from electrical outlets and avoid using wired devices as soon as possible.",Avoid Outlets. No Wired Devices.
"Simplify this emergency instruction into concise, actionable phrases: Attention: leave your belongings behind and evacuate the building immediately as instructed.",Leave Belongings. Evacuate Now.
"Simplify this emergency instruction into concise, actionable phrases: Without delay, activate the fire alarm on your way out of the corridor immediately.",Activate Alarm. Exit Corridor.
"Simplify this emergency instruction into concise, actionable phrases: Please apply direct pressure to the wound and elevate the injured area before the situation worsens.",Apply Pressure. Elevate Wound.
"Simplify this emergency instruction into concise, actionable phrases: I need you to immediately secure all loose objects and stay away from glass panels right now.",Secure Objects. Avoid Glass.
"Simplify this emergency instruction into concise, actionable phrases: Warning: use the fire extinguisher on the base of the flames immediately.",Extinguish Fire. Aim at Base.
"Simplify this emergency instruction into concise, actionable phrases: Emergency: drop to the floor, take cover under a sturdy table, and hold on before the situation worsens.",Drop. Cover. Hold On.
"Simplify this emergency instruction into concise, actionable phrases: Action required: do not drink the tap water, use bottled water instead while waiting for responders.",No Tap Water. Use Bottled.
"Simplify this emergency instruction into concise, actionable phrases: Please move to higher ground immediately to avoid the floodwaters as instructed.",Move Higher. Avoid Flood.
"Simplify this emergency instruction into concise, actionable phrases: Right now, you need to turn off the main gas valve and evacuate the premises immediately.",Turn Off Gas. Evacuate.
"Simplify this emergency instruction into concise, actionable phrases: Quickly activate the fire alarm on your way out of the corridor right now.",Activate Alarm. Exit Corridor.
"Simplify this emergency instruction into concise, actionable phrases: Attention: apply direct pressure to the wound and elevate the injured area.",Apply Pressure. Elevate Wound.
"Simplify this emergency instruction into concise, actionable phrases: Right now, you need to move to higher ground immediately to avoid the floodwaters.",Move Higher. Avoid Flood.
"Simplify this emergency instruction into concise, actionable phrases: Please turn off the main gas valve and evacuate the premises while waiting for responders.",Turn Off Gas. Evacuate.
"Simplify this emergency instruction into concise, actionable phrases: Make sure you lock the doors, turn off the lights, and remain silent and help others if you can.",Lock Doors. Lights Off. Remain Silent.
"Simplify this emergency instruction into concise, actionable phrases: Attention: turn off the main gas valve and evacuate the premises as instructed.",Turn Off Gas. Evacuate.
"Simplify this emergency instruction into concise, actionable phrases: Hide in a secure room and silence your mobile phone following emergency procedures.",Hide. Silence Phone.
"Simplify this emergency instruction into concise, actionable phrases: Kindly call an ambulance and wait outside for them to arrive carefully.",Call Ambulance. Wait Outside.
"Simplify this emergency instruction into concise, actionable phrases: Without delay, leave your belongings behind and evacuate the building immediately before the situation worsens.",Leave Belongings. Evacuate Now.
"Simplify this emergency instruction into concise, actionable phrases: It is very important that you move to higher ground immediately to avoid the floodwaters carefully.",Move Higher. Avoid Flood.
"Simplify this emergency instruction into concise, actionable phrases: I need you to immediately activate the fire alarm on your way out of the corridor while waiting for responders.",Activate Alarm. Exit Corridor.
"Simplify this emergency instruction into concise, actionable phrases: Action required: take the left exit door and go down the stairs slowly right now.",Left. Exit. Stairs. Slowly.
"Simplify this emergency instruction into concise, actionable phrases: You must take the left exit door and go down the stairs slowly to ensure your safety.",Left. Exit. Stairs. Slowly.
"Simplify this emergency instruction into concise, actionable phrases: Report the gas leak from a safe location as quickly as possible.",Safe Location. Report Leak.
"Simplify this emergency instruction into concise, actionable phrases: Evacuate the contaminated area and avoid direct contact with the chemical as quickly as possible.",Evacuate. Avoid Contact.
"Simplify this emergency instruction into concise, actionable phrases: Action required: activate the fire alarm on your way out of the corridor and help others if you can.",Activate Alarm. Exit Corridor.
"Simplify this emergency instruction into concise, actionable phrases: Please make sure to crawl under the smoke to reach the nearest safe exit to ensure your safety.",Crawl Under Smoke. Find Exit.
"Simplify this emergency instruction into concise, actionable phrases: Quickly check for breathing and begin cpr if necessary as instructed.",Check Breathing. Start CPR.
"Simplify this emergency instruction into concise, actionable phrases: Kindly check for breathing and begin cpr if necessary as soon as possible.",Check Breathing. Start CPR.
"Simplify this emergency instruction into concise, actionable phrases: Please make sure to move away from the windows and find a secure room as instructed.",Away From Windows. Secure Room.
"Simplify this emergency instruction into concise, actionable phrases: Action required: move away from the windows and find a secure room immediately.",Away From Windows. Secure Room.
"Simplify this emergency instruction into concise, actionable phrases: Action required: cover your nose and mouth with a wet cloth and stay low to the ground and stay calm.",Cover Nose. Stay Low.
"Simplify this emergency instruction into concise, actionable phrases: Warning: stay inside your vehicle and wait for emergency responders immediately.",Stay In Vehicle. Wait.
"Simplify this emergency instruction into concise, actionable phrases: Quickly lock the doors, turn off the lights, and remain silent right now.",Lock Doors. Lights Off. Remain Silent.
"Simplify this emergency instruction into concise, actionable phrases: You must apply direct pressure to the wound and elevate the injured area right now.",Apply Pressure. Elevate Wound.
"Simplify this emergency instruction into concise, actionable phrases: It is very important that you secure all loose objects and stay away from glass panels immediately.",Secure Objects. Avoid Glass.
"Simplify this emergency instruction into concise, actionable phrases: Make sure you stay away from electrical outlets and avoid using wired devices while waiting for responders.",Avoid Outlets. No Wired Devices.
"Simplify this emergency instruction into concise, actionable phrases: It is very important that you drop to the floor, take cover under a sturdy table, and hold on carefully.",Drop. Cover. Hold On.
"Simplify this emergency instruction into concise, actionable phrases: For your safety, please check for breathing and begin cpr if necessary and help others if you can.",Check Breathing. Start CPR.
"Simplify this emergency instruction into concise, actionable phrases: You must secure all loose objects and stay away from glass panels to ensure your safety.",Secure Objects. Avoid Glass.
"Simplify this emergency instruction into concise, actionable phrases: It is very important that you leave your belongings behind and evacuate the building immediately as soon as possible.",Leave Belongings. Evacuate Now.
"Simplify this emergency instruction into concise, actionable phrases: Quickly crawl under the smoke to reach the nearest safe exit and help others if you can.",Crawl Under Smoke. Find Exit.
"Simplify this emergency instruction into concise, actionable phrases: Please move away from the windows and find a secure room to ensure your safety.",Away From Windows. Secure Room.
"Simplify this emergency instruction into concise, actionable phrases: Right now, you need to do not drink the tap water, use bottled water instead before the situation worsens.",No Tap Water. Use Bottled.
"Simplify this emergency instruction into concise, actionable phrases: Warning: crawl under the smoke to reach the nearest safe exit while waiting for responders.",Crawl Under Smoke. Find Exit.
"Simplify this emergency instruction into concise, actionable phrases: Make sure you stay away from electrical outlets and avoid using wired devices immediately.",Avoid Outlets. No Wired Devices.
"Simplify this emergency instruction into concise, actionable phrases: Warning: drop to the floor, take cover under a sturdy table, and hold on before the situation worsens.",Drop. Cover. Hold On.
"Simplify this emergency instruction into concise, actionable phrases: Without delay, activate the fire alarm on your way out of the corridor and help others if you can.",Activate Alarm. Exit Corridor.
"Simplify this emergency instruction into concise, actionable phrases: Right now, you need to find a safe place to hide and stay quiet until help arrives and help others if you can.",Hide. Stay Quiet.
"Simplify this emergency instruction into concise, actionable phrases: Activate the fire alarm before evacuating the building without delay.",Fire Alarm. Evacuate.
"Simplify this emergency instruction into concise, actionable phrases: It is very important that you take the left exit door and go down the stairs slowly carefully.",Left. Exit. Stairs. Slowly.
"Simplify this emergency instruction into concise, actionable phrases: It is very important that you use the fire extinguisher on the base of the flames without panicking.",Extinguish Fire. Aim at Base.
"Simplify this emergency instruction into concise, actionable phrases: Protect your head and neck until the danger passes if it is safe to do so.",Protect Head. Protect Neck.
"Simplify this emergency instruction into concise, actionable phrases: You must stay away from electrical outlets and avoid using wired devices before the situation worsens.",Avoid Outlets. No Wired Devices.
"Simplify this emergency instruction into concise, actionable phrases: I need you to immediately drop to the floor, take cover under a sturdy table, and hold on immediately.",Drop. Cover. Hold On.
"Simplify this emergency instruction into concise, actionable phrases: Lock and barricade the door until authorities arrive without delay.",Lock Door. Barricade.
"Simplify this emergency instruction into concise, actionable phrases: Hide in a secure room and silence your mobile phone and assist others nearby.",Hide. Silence Phone.
"Simplify this emergency instruction into concise, actionable phrases: Right now, you need to find a safe place to hide and stay quiet until help arrives without panicking.",Hide. Stay Quiet.
"Simplify this emergency instruction into concise, actionable phrases: Action required: cover your nose and mouth with a wet cloth and stay low to the ground immediately.",Cover Nose. Stay Low.
"Simplify this emergency instruction into concise, actionable phrases: Warning: check for breathing and begin cpr if necessary without panicking.",Check Breathing. Start CPR.
"Simplify this emergency instruction into concise, actionable phrases: Please make sure to cover your nose and mouth with a wet cloth and stay low to the ground to ensure your safety.",Cover Nose. Stay Low.
"Simplify this emergency instruction into concise, actionable phrases: Action required: do not use the elevators, use the emergency fire stairs as instructed.",No Elevators. Use Stairs.
"Simplify this emergency instruction into concise, actionable phrases: It is very important that you secure all loose objects and stay away from glass panels right now.",Secure Objects. Avoid Glass.
"Simplify this emergency instruction into concise, actionable phrases: Without delay, drop to the floor, take cover under a sturdy table, and hold on without panicking.",Drop. Cover. Hold On.
"Simplify this emergency instruction into concise, actionable phrases: Action required: cover your nose and mouth with a wet cloth and stay low to the ground carefully.",Cover Nose. Stay Low.
"Simplify this emergency instruction into concise, actionable phrases: Warning: drop to the floor, take cover under a sturdy table, and hold on and help others if you can.",Drop. Cover. Hold On.
"Simplify this emergency instruction into concise, actionable phrases: Attention: secure all loose objects and stay away from glass panels before the situation worsens.",Secure Objects. Avoid Glass.
"Simplify this emergency instruction into concise, actionable phrases: It is very important that you drop to the floor, take cover under a sturdy table, and hold on to ensure your safety.",Drop. Cover. Hold On.
"Simplify this emergency instruction into concise, actionable phrases: It is very important that you secure all loose objects and stay away from glass panels as instructed.",Secure Objects. Avoid Glass.
"Simplify this emergency instruction into concise, actionable phrases: For your safety, please stay away from electrical outlets and avoid using wired devices before the situation worsens.",Avoid Outlets. No Wired Devices.
"Simplify this emergency instruction into concise, actionable phrases: Warning: stay inside your vehicle and wait for emergency responders as soon as possible.",Stay In Vehicle. Wait.
"Simplify this emergency instruction into concise, actionable phrases: Quickly stay inside your vehicle and wait for emergency responders and help others if you can.",Stay In Vehicle. Wait.
"Simplify this emergency instruction into concise, actionable phrases: Emergency: check for breathing and begin cpr if necessary as instructed.",Check Breathing. Start CPR.
"Simplify this emergency instruction into concise, actionable phrases: Kindly leave your belongings behind and evacuate the building immediately and help others if you can.",Leave Belongings. Evacuate Now.
"Simplify this emergency instruction into concise, actionable phrases: Right now, you need to call an ambulance and wait outside for them to arrive and stay calm.",Call Ambulance. Wait Outside.
"Simplify this emergency instruction into concise, actionable phrases: Attention: drop to the floor, take cover under a sturdy table, and hold on as soon as possible.",Drop. Cover. Hold On.
"Simplify this emergency instruction into concise, actionable phrases: Right now, you need to stay away from electrical outlets and avoid using wired devices right now.",Avoid Outlets. No Wired Devices.
"Simplify this emergency instruction into concise, actionable phrases: Please make sure to do not use the elevators, use the emergency fire stairs right now.",No Elevators. Use Stairs.
"Simplify this emergency instruction into concise, actionable phrases: Attention: check for breathing and begin cpr if necessary immediately.",Check Breathing. Start CPR.
"Simplify this emergency instruction into concise, actionable phrases: Right now, you need to move to higher ground immediately to avoid the floodwaters to ensure your safety.",Move Higher. Avoid Flood.
"Simplify this emergency instruction into concise, actionable phrases: Apply firm pressure to the wound until help arrives while remaining calm.",Pressure. Wound.
"Simplify this emergency instruction into concise, actionable phrases: Quickly find a safe place to hide and stay quiet until help arrives and help others if you can.",Hide. Stay Quiet.
"Simplify this emergency instruction into concise, actionable phrases: Emergency: activate the fire alarm on your way out of the corridor to ensure your safety.",Activate Alarm. Exit Corridor.
"Simplify this emergency instruction into concise, actionable phrases: For your safety, please do not use the elevators, use the emergency fire stairs.",No Elevators. Use Stairs.
"Simplify this emergency instruction into concise, actionable phrases: Kindly call an ambulance and wait outside for them to arrive.",Call Ambulance. Wait Outside.
"Simplify this emergency instruction into concise, actionable phrases: Make sure you check for breathing and begin cpr if necessary as soon as possible.",Check Breathing. Start CPR.
"Simplify this emergency instruction into concise, actionable phrases: You must activate the fire alarm on your way out of the corridor and stay calm.",Activate Alarm. Exit Corridor.
"Simplify this emergency instruction into concise, actionable phrases: Keep the injured person still and monitor breathing immediately.",Keep Still. Monitor Breathing.
"Simplify this emergency instruction into concise, actionable phrases: Without delay, find a safe place to hide and stay quiet until help arrives immediately.",Hide. Stay Quiet.
"Simplify this emergency instruction into concise, actionable phrases: Warning: stay away from electrical outlets and avoid using wired devices.",Avoid Outlets. No Wired Devices.
"Simplify this emergency instruction into concise, actionable phrases: Action required: move to higher ground immediately to avoid the floodwaters and help others if you can.",Move Higher. Avoid Flood.
"Simplify this emergency instruction into concise, actionable phrases: Make sure you do not drink the tap water, use bottled water instead while waiting for responders.",No Tap Water. Use Bottled.
"Simplify this emergency instruction into concise, actionable phrases: Warning: check for breathing and begin cpr if necessary right now.",Check Breathing. Start CPR.
"Simplify this emergency instruction into concise, actionable phrases: Emergency: move away from the windows and find a secure room without panicking.",Away From Windows. Secure Room.
"Simplify this emergency instruction into concise, actionable phrases: Right now, you need to lock the doors, turn off the lights, and remain silent carefully.",Lock Doors. Lights Off. Remain Silent.
"Simplify this emergency instruction into concise, actionable phrases: Right now, you need to stay inside your vehicle and wait for emergency responders right now.",Stay In Vehicle. Wait.
"Simplify this emergency instruction into concise, actionable phrases: Emergency: apply direct pressure to the wound and elevate the injured area while waiting for responders.",Apply Pressure. Elevate Wound.
"Simplify this emergency instruction into concise, actionable phrases: Attention: drop to the floor, take cover under a sturdy table, and hold on to ensure your safety.",Drop. Cover. Hold On.
"Simplify this emergency instruction into concise, actionable phrases: Please make sure to move to higher ground immediately to avoid the floodwaters as instructed.",Move Higher. Avoid Flood.
"Simplify this emergency instruction into concise, actionable phrases: Quickly take the left exit door and go down the stairs slowly before the situation worsens.",Left. Exit. Stairs. Slowly.
"Simplify this emergency instruction into concise, actionable phrases: Without delay, take the left exit door and go down the stairs slowly as soon as possible.",Left. Exit. Stairs. Slowly.
"Simplify this emergency instruction into concise, actionable phrases: Make sure you apply direct pressure to the wound and elevate the injured area right now.",Apply Pressure. Elevate Wound.
"Simplify this emergency instruction into concise, actionable phrases: I need you to immediately check for breathing and begin cpr if necessary as soon as possible.",Check Breathing. Start CPR.
"Simplify this emergency instruction into concise, actionable phrases: I need you to immediately do not drink the tap water, use bottled water instead as soon as possible.",No Tap Water. Use Bottled.
"Simplify this emergency instruction into concise, actionable phrases: It is very important that you turn off the main gas valve and evacuate the premises before the situation worsens.",Turn Off Gas. Evacuate.
"Simplify this emergency instruction into concise, actionable phrases: Make sure you crawl under the smoke to reach the nearest safe exit immediately.",Crawl Under Smoke. Find Exit.
"Simplify this emergency instruction into concise, actionable phrases: Warning: crawl under the smoke to reach the nearest safe exit as soon as possible.",Crawl Under Smoke. Find Exit.
"Simplify this emergency instruction into concise, actionable phrases: Emergency: crawl under the smoke to reach the nearest safe exit and stay calm.",Crawl Under Smoke. Find Exit.
"Simplify this emergency instruction into concise, actionable phrases: Action required: cover your nose and mouth with a wet cloth and stay low to the ground before the situation worsens.",Cover Nose. Stay Low.
"Simplify this emergency instruction into concise, actionable phrases: Right now, you need to stay away from electrical outlets and avoid using wired devices and stay calm.",Avoid Outlets. No Wired Devices.
"Simplify this emergency instruction into concise, actionable phrases: Warning: activate the fire alarm on your way out of the corridor while waiting for responders.",Activate Alarm. Exit Corridor.
"Simplify this emergency instruction into concise, actionable phrases: Please make sure to crawl under the smoke to reach the nearest safe exit and help others if you can.",Crawl Under Smoke. Find Exit.
"Simplify this emergency instruction into concise, actionable phrases: Kindly take the left exit door and go down the stairs slowly carefully.",Left. Exit. Stairs. Slowly.
"Simplify this emergency instruction into concise, actionable phrases: I need you to immediately call an ambulance and wait outside for them to arrive immediately.",Call Ambulance. Wait Outside.
"Simplify this emergency instruction into concise, actionable phrases: Please make sure to take the left exit door and go down the stairs slowly.",Left. Exit. Stairs. Slowly.
"Simplify this emergency instruction into concise, actionable phrases: Move immediately to higher ground and avoid walking through floodwater as quickly as possible.",Higher Ground. Avoid Floodwater.
"Simplify this emergency instruction into concise, actionable phrases: Please make sure to check for breathing and begin cpr if necessary right now.",Check Breathing. Start CPR.
"Simplify this emergency instruction into concise, actionable phrases: Quickly stay away from electrical outlets and avoid using wired devices without panicking.",Avoid Outlets. No Wired Devices.
"Simplify this emergency instruction into concise, actionable phrases: Please secure all loose objects and stay away from glass panels and help others if you can.",Secure Objects. Avoid Glass.
"Simplify this emergency instruction into concise, actionable phrases: Warning: secure all loose objects and stay away from glass panels while waiting for responders.",Secure Objects. Avoid Glass.
"Simplify this emergency instruction into concise, actionable phrases: You must move to higher ground immediately to avoid the floodwaters and stay calm.",Move Higher. Avoid Flood.
"Simplify this emergency instruction into concise, actionable phrases: You must call an ambulance and wait outside for them to arrive without panicking.",Call Ambulance. Wait Outside.
"Simplify this emergency instruction into concise, actionable phrases: Kindly move away from the windows and find a secure room.",Away From Windows. Secure Room.
"Simplify this emergency instruction into concise, actionable phrases: Quickly find a safe place to hide and stay quiet until help arrives carefully.",Hide. Stay Quiet.
"Simplify this emergency instruction into concise, actionable phrases: Right now, you need to do not use the elevators, use the emergency fire stairs as instructed.",No Elevators. Use Stairs.
"Simplify this emergency instruction into concise, actionable phrases: Kindly do not drink the tap water, use bottled water instead as instructed.",No Tap Water. Use Bottled.
"Simplify this emergency instruction into concise, actionable phrases: Attention: crawl under the smoke to reach the nearest safe exit without panicking.",Crawl Under Smoke. Find Exit.
"Simplify this emergency instruction into concise, actionable phrases: Without delay, stay inside your vehicle and wait for emergency responders immediately.",Stay In Vehicle. Wait.
"Simplify this emergency instruction into concise, actionable phrases: I need you to immediately move away from the windows and find a secure room right now.",Away From Windows. Secure Room.
"Simplify this emergency instruction into concise, actionable phrases: Emergency: call an ambulance and wait outside for them to arrive as instructed.",Call Ambulance. Wait Outside.
"Simplify this emergency instruction into concise, actionable phrases: Wear protective equipment before approaching the spill if it is safe to do so.",Wear Protection. Spill.
"Simplify this emergency instruction into concise, actionable phrases: You must do not drink the tap water, use bottled water instead as soon as possible.",No Tap Water. Use Bottled.
"Simplify this emergency instruction into concise, actionable phrases: Make sure you take the left exit door and go down the stairs slowly and stay calm.",Left. Exit. Stairs. Slowly.
"Simplify this emergency instruction into concise, actionable phrases: Please use the fire extinguisher on the base of the flames before the situation worsens.",Extinguish Fire. Aim at Base.
"Simplify this emergency instruction into concise, actionable phrases: Without delay, move away from the windows and find a secure room as soon as possible.",Away From Windows. Secure Room.
"Simplify this emergency instruction into concise, actionable phrases: Kindly check for breathing and begin cpr if necessary without panicking.",Check Breathing. Start CPR.
"Simplify this emergency instruction into concise, actionable phrases: Quickly apply direct pressure to the wound and elevate the injured area.",Apply Pressure. Elevate Wound.
"Simplify this emergency instruction into concise, actionable phrases: Please make sure to crawl under the smoke to reach the nearest safe exit without panicking.",Crawl Under Smoke. Find Exit.
"Simplify this emergency instruction into concise, actionable phrases: Emergency: move to higher ground immediately to avoid the floodwaters while waiting for responders.",Move Higher. Avoid Flood.
"Simplify this emergency instruction into concise, actionable phrases: It is very important that you turn off the main gas valve and evacuate the premises while waiting for responders.",Turn Off Gas. Evacuate.
"Simplify this emergency instruction into concise, actionable phrases: Attention: activate the fire alarm on your way out of the corridor without panicking.",Activate Alarm. Exit Corridor.
"Simplify this emergency instruction into concise, actionable phrases: Run away from the attacker if a safe escape route is available immediately.",Run. Escape.
"Simplify this emergency instruction into concise, actionable phrases: Attention: secure all loose objects and stay away from glass panels right now.",Secure Objects. Avoid Glass.
"Simplify this emergency instruction into concise, actionable phrases: You must use the fire extinguisher on the base of the flames carefully.",Extinguish Fire. Aim at Base.
"Simplify this emergency instruction into concise, actionable phrases: Make sure you cover your nose and mouth with a wet cloth and stay low to the ground.",Cover Nose. Stay Low.
"Simplify this emergency instruction into concise, actionable phrases: Right now, you need to apply direct pressure to the wound and elevate the injured area and help others if you can.",Apply Pressure. Elevate Wound.
"Simplify this emergency instruction into concise, actionable phrases: Attention: move away from the windows and find a secure room.",Away From Windows. Secure Room.
"Simplify this emergency instruction into concise, actionable phrases: Apply firm pressure to the wound until help arrives following emergency procedures.",Pressure. Wound.
"Simplify this emergency instruction into concise, actionable phrases: Make sure you do not use the elevators, use the emergency fire stairs without panicking.",No Elevators. Use Stairs.
"Simplify this emergency instruction into concise, actionable phrases: Quickly move away from the windows and find a secure room to ensure your safety.",Away From Windows. Secure Room.
"Simplify this emergency instruction into concise, actionable phrases: You must crawl under the smoke to reach the nearest safe exit immediately.",Crawl Under Smoke. Find Exit.
"Simplify this emergency instruction into concise, actionable phrases: Without delay, drop to the floor, take cover under a sturdy table, and hold on immediately.",Drop. Cover. Hold On.
"Simplify this emergency instruction into concise, actionable phrases: Kindly check for breathing and begin cpr if necessary.",Check Breathing. Start CPR.
"Simplify this emergency instruction into concise, actionable phrases: Make sure you call an ambulance and wait outside for them to arrive and stay calm.",Call Ambulance. Wait Outside.
"Simplify this emergency instruction into concise, actionable phrases: For your safety, please call an ambulance and wait outside for them to arrive and stay calm.",Call Ambulance. Wait Outside.
"Simplify this emergency instruction into concise, actionable phrases: Do not re-enter the building until authorized following emergency procedures.",No Reentry. Wait Authorization.
"Simplify this emergency instruction into concise, actionable phrases: Kindly call an ambulance and wait outside for them to arrive immediately.",Call Ambulance. Wait Outside.
"Simplify this emergency instruction into concise, actionable phrases: Emergency: apply direct pressure to the wound and elevate the injured area right now.",Apply Pressure. Elevate Wound.
"Simplify this emergency instruction into concise, actionable phrases: I need you to immediately lock the doors, turn off the lights, and remain silent carefully.",Lock Doors. Lights Off. Remain Silent.
"Simplify this emergency instruction into concise, actionable phrases: Without delay, do not use the elevators, use the emergency fire stairs carefully.",No Elevators. Use Stairs.
"Simplify this emergency instruction into concise, actionable phrases: Kindly turn off the main gas valve and evacuate the premises as instructed.",Turn Off Gas. Evacuate.
"Simplify this emergency instruction into concise, actionable phrases: Kindly find a safe place to hide and stay quiet until help arrives and help others if you can.",Hide. Stay Quiet.
"Simplify this emergency instruction into concise, actionable phrases: Quickly stay inside your vehicle and wait for emergency responders immediately.",Stay In Vehicle. Wait.
"Simplify this emergency instruction into concise, actionable phrases: Kindly lock the doors, turn off the lights, and remain silent carefully.",Lock Doors. Lights Off. Remain Silent.
"Simplify this emergency instruction into concise, actionable phrases: Emergency: take the left exit door and go down the stairs slowly as instructed.",Left. Exit. Stairs. Slowly.
"Simplify this emergency instruction into concise, actionable phrases: Please take the left exit door and go down the stairs slowly to ensure your safety.",Left. Exit. Stairs. Slowly.
"Simplify this emergency instruction into concise, actionable phrases: Quickly apply direct pressure to the wound and elevate the injured area as instructed.",Apply Pressure. Elevate Wound.
"Simplify this emergency instruction into concise, actionable phrases: Do not re-enter the building until authorized.",No Reentry. Wait Authorization.
"Simplify this emergency instruction into concise, actionable phrases: Warning: move away from the windows and find a secure room to ensure your safety.",Away From Windows. Secure Room.
"Simplify this emergency instruction into concise, actionable phrases: Kindly check for breathing and begin cpr if necessary while waiting for responders.",Check Breathing. Start CPR.
"Simplify this emergency instruction into concise, actionable phrases: Please make sure to cover your nose and mouth with a wet cloth and stay low to the ground before the situation worsens.",Cover Nose. Stay Low.
"Simplify this emergency instruction into concise, actionable phrases: I need you to immediately do not use the elevators, use the emergency fire stairs carefully.",No Elevators. Use Stairs.
"Simplify this emergency instruction into concise, actionable phrases: You must drop to the floor, take cover under a sturdy table, and hold on to ensure your safety.",Drop. Cover. Hold On.
"Simplify this emergency instruction into concise, actionable phrases: Warning: do not drink the tap water, use bottled water instead before the situation worsens.",No Tap Water. Use Bottled.
"Simplify this emergency instruction into concise, actionable phrases: Warning: move away from the windows and find a secure room immediately.",Away From Windows. Secure Room.
"Simplify this emergency instruction into concise, actionable phrases: Make sure you leave your belongings behind and evacuate the building immediately before the situation worsens.",Leave Belongings. Evacuate Now.
"Simplify this emergency instruction into concise, actionable phrases: It is very important that you activate the fire alarm on your way out of the corridor before the situation worsens.",Activate Alarm. Exit Corridor.
"Simplify this emergency instruction into concise, actionable phrases: You must drop to the floor, take cover under a sturdy table, and hold on.",Drop. Cover. Hold On.
"Simplify this emergency instruction into concise, actionable phrases: I need you to immediately move to higher ground immediately to avoid the floodwaters carefully.",Move Higher. Avoid Flood.
"Simplify this emergency instruction into concise, actionable phrases: Please proceed to the nearest emergency exit immediately and do not use the elevators and assist others nearby.",Nearest. Exit. No Elevators.
"Simplify this emergency instruction into concise, actionable phrases: It is very important that you turn off the main gas valve and evacuate the premises as instructed.",Turn Off Gas. Evacuate.
"Simplify this emergency instruction into concise, actionable phrases: For your safety, please secure all loose objects and stay away from glass panels without panicking.",Secure Objects. Avoid Glass.
"Simplify this emergency instruction into concise, actionable phrases: Attention: take the left exit door and go down the stairs slowly.",Left. Exit. Stairs. Slowly.
"Simplify this emergency instruction into concise, actionable phrases: Make sure you apply direct pressure to the wound and elevate the injured area and help others if you can.",Apply Pressure. Elevate Wound.
"Simplify this emergency instruction into concise, actionable phrases: Quickly move away from the windows and find a secure room immediately.",Away From Windows. Secure Room.
"Simplify this emergency instruction into concise, actionable phrases: It is very important that you call an ambulance and wait outside for them to arrive to ensure your safety.",Call Ambulance. Wait Outside.
"Simplify this emergency instruction into concise, actionable phrases: Please leave your belongings behind and evacuate the building immediately immediately.",Leave Belongings. Evacuate Now.
"Simplify this emergency instruction into concise, actionable phrases: Emergency: do not drink the tap water, use bottled water instead.",No Tap Water. Use Bottled.
"Simplify this emergency instruction into concise, actionable phrases: Kindly drop to the floor, take cover under a sturdy table, and hold on carefully.",Drop. Cover. Hold On.
"Simplify this emergency instruction into concise, actionable phrases: Warning: call an ambulance and wait outside for them to arrive as soon as possible.",Call Ambulance. Wait Outside.
"Simplify this emergency instruction into concise, actionable phrases: I need you to immediately stay away from electrical outlets and avoid using wired devices while waiting for responders.",Avoid Outlets. No Wired Devices.
"Simplify this emergency instruction into concise, actionable phrases: Please make sure to secure all loose objects and stay away from glass panels and stay calm.",Secure Objects. Avoid Glass.
"Simplify this emergency instruction into concise, actionable phrases: You must cover your nose and mouth with a wet cloth and stay low to the ground as soon as possible.",Cover Nose. Stay Low.
"Simplify this emergency instruction into concise, actionable phrases: Without delay, stay inside your vehicle and wait for emergency responders carefully.",Stay In Vehicle. Wait.
"Simplify this emergency instruction into concise, actionable phrases: It is very important that you check for breathing and begin cpr if necessary immediately.",Check Breathing. Start CPR.
"Simplify this emergency instruction into concise, actionable phrases: Right now, you need to call an ambulance and wait outside for them to arrive before the situation worsens.",Call Ambulance. Wait Outside.
"Simplify this emergency instruction into concise, actionable phrases: Without delay, turn off the main gas valve and evacuate the premises as instructed.",Turn Off Gas. Evacuate.
"Simplify this emergency instruction into concise, actionable phrases: Please make sure to stay away from electrical outlets and avoid using wired devices and stay calm.",Avoid Outlets. No Wired Devices.
"Simplify this emergency instruction into concise, actionable phrases: You must crawl under the smoke to reach the nearest safe exit as soon as possible.",Crawl Under Smoke. Find Exit.
"Simplify this emergency instruction into concise, actionable phrases: Kindly take the left exit door and go down the stairs slowly.",Left. Exit. Stairs. Slowly.
"Simplify this emergency instruction into concise, actionable phrases: Stay low to avoid smoke inhalation while moving toward the exit while remaining calm.",Stay Low. Avoid Smoke. Exit.
"Simplify this emergency instruction into concise, actionable phrases: Quickly stay inside your vehicle and wait for emergency responders to ensure your safety.",Stay In Vehicle. Wait.
"Simplify this emergency instruction into concise, actionable phrases: Attention: secure all loose objects and stay away from glass panels to ensure your safety.",Secure Objects. Avoid Glass.
"Simplify this emergency instruction into concise, actionable phrases: Action required: turn off the main gas valve and evacuate the premises carefully.",Turn Off Gas. Evacuate.
"Simplify this emergency instruction into concise, actionable phrases: Make sure you cover your nose and mouth with a wet cloth and stay low to the ground and stay calm.",Cover Nose. Stay Low.
"Simplify this emergency instruction into concise, actionable phrases: Please lock the doors, turn off the lights, and remain silent carefully.",Lock Doors. Lights Off. Remain Silent.
"Simplify this emergency instruction into concise, actionable phrases: It is very important that you use the fire extinguisher on the base of the flames before the situation worsens.",Extinguish Fire. Aim at Base.
"Simplify this emergency instruction into concise, actionable phrases: Attention: move away from the windows and find a secure room as soon as possible.",Away From Windows. Secure Room.
"Simplify this emergency instruction into concise, actionable phrases: Lock and barricade the door until authorities arrive immediately.",Lock Door. Barricade.
"Simplify this emergency instruction into concise, actionable phrases: It is very important that you take the left exit door and go down the stairs slowly while waiting for responders.",Left. Exit. Stairs. Slowly.
"Simplify this emergency instruction into concise, actionable phrases: Please take the left exit door and go down the stairs slowly before the situation worsens.",Left. Exit. Stairs. Slowly.
"Simplify this emergency instruction into concise, actionable phrases: Quickly leave your belongings behind and evacuate the building immediately as soon as possible.",Leave Belongings. Evacuate Now.
"Simplify this emergency instruction into concise, actionable phrases: For your safety, please take the left exit door and go down the stairs slowly and help others if you can.",Left. Exit. Stairs. Slowly.
"Simplify this emergency instruction into concise, actionable phrases: Please turn off the main gas valve and evacuate the premises as instructed.",Turn Off Gas. Evacuate.
"Simplify this emergency instruction into concise, actionable phrases: You must take the left exit door and go down the stairs slowly without panicking.",Left. Exit. Stairs. Slowly.
"Simplify this emergency instruction into concise, actionable phrases: Kindly apply direct pressure to the wound and elevate the injured area carefully.",Apply Pressure. Elevate Wound.
"Simplify this emergency instruction into concise, actionable phrases: Please lock the doors, turn off the lights, and remain silent before the situation worsens.",Lock Doors. Lights Off. Remain Silent.
"Simplify this emergency instruction into concise, actionable phrases: Right now, you need to crawl under the smoke to reach the nearest safe exit right now.",Crawl Under Smoke. Find Exit.
"Simplify this emergency instruction into concise, actionable phrases: Lock and barricade the door until authorities arrive and assist others nearby.",Lock Door. Barricade.
"Simplify this emergency instruction into concise, actionable phrases: Please make sure to find a safe place to hide and stay quiet until help arrives immediately.",Hide. Stay Quiet.
"Simplify this emergency instruction into concise, actionable phrases: Quickly crawl under the smoke to reach the nearest safe exit carefully.",Crawl Under Smoke. Find Exit.
"Simplify this emergency instruction into concise, actionable phrases: Without delay, move away from the windows and find a secure room immediately.",Away From Windows. Secure Room.
"Simplify this emergency instruction into concise, actionable phrases: Right now, you need to activate the fire alarm on your way out of the corridor right now.",Activate Alarm. Exit Corridor.
"Simplify this emergency instruction into concise, actionable phrases: You must leave your belongings behind and evacuate the building immediately immediately.",Leave Belongings. Evacuate Now.
"Simplify this emergency instruction into concise, actionable phrases: Action required: drop to the floor, take cover under a sturdy table, and hold on to ensure your safety.",Drop. Cover. Hold On.
"Simplify this emergency instruction into concise, actionable phrases: I need you to immediately secure all loose objects and stay away from glass panels while waiting for responders.",Secure Objects. Avoid Glass.
"Simplify this emergency instruction into concise, actionable phrases: You must stay inside your vehicle and wait for emergency responders and help others if you can.",Stay In Vehicle. Wait.
"Simplify this emergency instruction into concise, actionable phrases: Action required: stay away from electrical outlets and avoid using wired devices before the situation worsens.",Avoid Outlets. No Wired Devices.
"Simplify this emergency instruction into concise, actionable phrases: Attention: move to higher ground immediately to avoid the floodwaters and help others if you can.",Move Higher. Avoid Flood.
"Simplify this emergency instruction into concise, actionable phrases: Please make sure to lock the doors, turn off the lights, and remain silent.",Lock Doors. Lights Off. Remain Silent.
"Simplify this emergency instruction into concise, actionable phrases: Attention: apply direct pressure to the wound and elevate the injured area carefully.",Apply Pressure. Elevate Wound.
"Simplify this emergency instruction into concise, actionable phrases: Action required: drop to the floor, take cover under a sturdy table, and hold on and stay calm.",Drop. Cover. Hold On.
"Simplify this emergency instruction into concise, actionable phrases: Kindly find a safe place to hide and stay quiet until help arrives and stay calm.",Hide. Stay Quiet.
"Simplify this emergency instruction into concise, actionable phrases: Quickly find a safe place to hide and stay quiet until help arrives as soon as possible.",Hide. Stay Quiet.
"Simplify this emergency instruction into concise, actionable phrases: Kindly stay away from electrical outlets and avoid using wired devices to ensure your safety.",Avoid Outlets. No Wired Devices.
"Simplify this emergency instruction into concise, actionable phrases: Warning: stay away from electrical outlets and avoid using wired devices before the situation worsens.",Avoid Outlets. No Wired Devices.
"Simplify this emergency instruction into concise, actionable phrases: You must apply direct pressure to the wound and elevate the injured area.",Apply Pressure. Elevate Wound.
"Simplify this emergency instruction into concise, actionable phrases: For your safety, please use the fire extinguisher on the base of the flames and help others if you can.",Extinguish Fire. Aim at Base.
"Simplify this emergency instruction into concise, actionable phrases: For your safety, please turn off the main gas valve and evacuate the premises and stay calm.",Turn Off Gas. Evacuate.
"Simplify this emergency instruction into concise, actionable phrases: You must activate the fire alarm on your way out of the corridor right now.",Activate Alarm. Exit Corridor.
"Simplify this emergency instruction into concise, actionable phrases: It is very important that you do not drink the tap water, use bottled water instead immediately.",No Tap Water. Use Bottled.
"Simplify this emergency instruction into concise, actionable phrases: Action required: drop to the floor, take cover under a sturdy table, and hold on without panicking.",Drop. Cover. Hold On.
"Simplify this emergency instruction into concise, actionable phrases: Stay low to avoid smoke inhalation while moving toward the exit as quickly as possible.",Stay Low. Avoid Smoke. Exit.
"Simplify this emergency instruction into concise, actionable phrases: Kindly check for breathing and begin cpr if necessary and help others if you can.",Check Breathing. Start CPR.
"Simplify this emergency instruction into concise, actionable phrases: Without delay, drop to the floor, take cover under a sturdy table, and hold on as soon as possible.",Drop. Cover. Hold On.
"Simplify this emergency instruction into concise, actionable phrases: For your safety, please crawl under the smoke to reach the nearest safe exit right now.",Crawl Under Smoke. Find Exit.
"Simplify this emergency instruction into concise, actionable phrases: Action required: lock the doors, turn off the lights, and remain silent carefully.",Lock Doors. Lights Off. Remain Silent.
"Simplify this emergency instruction into concise, actionable phrases: Please check for breathing and begin cpr if necessary while waiting for responders.",Check Breathing. Start CPR.
"Simplify this emergency instruction into concise, actionable phrases: Right now, you need to find a safe place to hide and stay quiet until help arrives as soon as possible.",Hide. Stay Quiet.
"Simplify this emergency instruction into concise, actionable phrases: Kindly drop to the floor, take cover under a sturdy table, and hold on and help others if you can.",Drop. Cover. Hold On.
"Simplify this emergency instruction into concise, actionable phrases: Attention: check for breathing and begin cpr if necessary before the situation worsens.",Check Breathing. Start CPR.
"Simplify this emergency instruction into concise, actionable phrases: Quickly do not use the elevators, use the emergency fire stairs before the situation worsens.",No Elevators. Use Stairs.
"Simplify this emergency instruction into concise, actionable phrases: For your safety, please secure all loose objects and stay away from glass panels as instructed.",Secure Objects. Avoid Glass.
"Simplify this emergency instruction into concise, actionable phrases: Please make sure to call an ambulance and wait outside for them to arrive to ensure your safety.",Call Ambulance. Wait Outside.
"Simplify this emergency instruction into concise, actionable phrases: Please make sure to drop to the floor, take cover under a sturdy table, and hold on and help others if you can.",Drop. Cover. Hold On.
"Simplify this emergency instruction into concise, actionable phrases: Kindly leave your belongings behind and evacuate the building immediately without panicking.",Leave Belongings. Evacuate Now.
"Simplify this emergency instruction into concise, actionable phrases: Make sure you crawl under the smoke to reach the nearest safe exit right now.",Crawl Under Smoke. Find Exit.
"Simplify this emergency instruction into concise, actionable phrases: Emergency: secure all loose objects and stay away from glass panels before the situation worsens.",Secure Objects. Avoid Glass.
"Simplify this emergency instruction into concise, actionable phrases: It is very important that you move away from the windows and find a secure room before the situation worsens.",Away From Windows. Secure Room.
"Simplify this emergency instruction into concise, actionable phrases: Please stay away from electrical outlets and avoid using wired devices as soon as possible.",Avoid Outlets. No Wired Devices.
"Simplify this emergency instruction into concise, actionable phrases: It is very important that you call an ambulance and wait outside for them to arrive.",Call Ambulance. Wait Outside.
"Simplify this emergency instruction into concise, actionable phrases: Make sure you check for breathing and begin cpr if necessary without panicking.",Check Breathing. Start CPR.
"Simplify this emergency instruction into concise, actionable phrases: Quickly do not drink the tap water, use bottled water instead and help others if you can.",No Tap Water. Use Bottled.
"Simplify this emergency instruction into concise, actionable phrases: I need you to immediately do not drink the tap water, use bottled water instead as instructed.",No Tap Water. Use Bottled.
"Simplify this emergency instruction into concise, actionable phrases: You must turn off the main gas valve and evacuate the premises as soon as possible.",Turn Off Gas. Evacuate.
"Simplify this emergency instruction into concise, actionable phrases: Attention: use the fire extinguisher on the base of the flames as soon as possible.",Extinguish Fire. Aim at Base.
"Simplify this emergency instruction into concise, actionable phrases: You must do not drink the tap water, use bottled water instead.",No Tap Water. Use Bottled.
"Simplify this emergency instruction into concise, actionable phrases: Right now, you need to do not drink the tap water, use bottled water instead.",No Tap Water. Use Bottled.
"Simplify this emergency instruction into concise, actionable phrases: I need you to immediately cover your nose and mouth with a wet cloth and stay low to the ground and help others if you can.",Cover Nose. Stay Low.
"Simplify this emergency instruction into concise, actionable phrases: Make sure you drop to the floor, take cover under a sturdy table, and hold on as instructed.",Drop. Cover. Hold On.
"Simplify this emergency instruction into concise, actionable phrases: Attention: take the left exit door and go down the stairs slowly before the situation worsens.",Left. Exit. Stairs. Slowly.
"Simplify this emergency instruction into concise, actionable phrases: Evacuate the area immediately and watch for falling debris following emergency procedures.",Evacuate. Avoid Debris.
"Simplify this emergency instruction into concise, actionable phrases: Quickly drop to the floor, take cover under a sturdy table, and hold on before the situation worsens.",Drop. Cover. Hold On.
"Simplify this emergency instruction into concise, actionable phrases: Kindly stay inside your vehicle and wait for emergency responders as instructed.",Stay In Vehicle. Wait.
"Simplify this emergency instruction into concise, actionable phrases: I need you to immediately check for breathing and begin cpr if necessary right now.",Check Breathing. Start CPR.
"Simplify this emergency instruction into concise, actionable phrases: Please make sure to call an ambulance and wait outside for them to arrive and stay calm.",Call Ambulance. Wait Outside.
"Simplify this emergency instruction into concise, actionable phrases: You must leave your belongings behind and evacuate the building immediately carefully.",Leave Belongings. Evacuate Now.
"Simplify this emergency instruction into concise, actionable phrases: Make sure you move away from the windows and find a secure room without panicking.",Away From Windows. Secure Room.
"Simplify this emergency instruction into concise, actionable phrases: Warning: find a safe place to hide and stay quiet until help arrives as instructed.",Hide. Stay Quiet.
"Simplify this emergency instruction into concise, actionable phrases: Warning: turn off the main gas valve and evacuate the premises before the situation worsens.",Turn Off Gas. Evacuate.
"Simplify this emergency instruction into concise, actionable phrases: Make sure you do not use the elevators, use the emergency fire stairs before the situation worsens.",No Elevators. Use Stairs.
"Simplify this emergency instruction into concise, actionable phrases: Please make sure to stay away from electrical outlets and avoid using wired devices without panicking.",Avoid Outlets. No Wired Devices.
"Simplify this emergency instruction into concise, actionable phrases: Please make sure to check for breathing and begin cpr if necessary.",Check Breathing. Start CPR.
"Simplify this emergency instruction into concise, actionable phrases: Quickly do not drink the tap water, use bottled water instead right now.",No Tap Water. Use Bottled.
"Simplify this emergency instruction into concise, actionable phrases: Attention: leave your belongings behind and evacuate the building immediately immediately.",Leave Belongings. Evacuate Now.
"Simplify this emergency instruction into concise, actionable phrases: I need you to immediately stay away from electrical outlets and avoid using wired devices carefully.",Avoid Outlets. No Wired Devices.
"Simplify this emergency instruction into concise, actionable phrases: Action required: call an ambulance and wait outside for them to arrive carefully.",Call Ambulance. Wait Outside.
"Simplify this emergency instruction into concise, actionable phrases: I need you to immediately drop to the floor, take cover under a sturdy table, and hold on without panicking.",Drop. Cover. Hold On.
"Simplify this emergency instruction into concise, actionable phrases: Warning: do not drink the tap water, use bottled water instead without panicking.",No Tap Water. Use Bottled.
"Simplify this emergency instruction into concise, actionable phrases: Wear protective equipment before approaching the spill as quickly as possible.",Wear Protection. Spill.
"Simplify this emergency instruction into concise, actionable phrases: Right now, you need to secure all loose objects and stay away from glass panels before the situation worsens.",Secure Objects. Avoid Glass.
"Simplify this emergency instruction into concise, actionable phrases: Right now, you need to cover your nose and mouth with a wet cloth and stay low to the ground without panicking.",Cover Nose. Stay Low.
"Simplify this emergency instruction into concise, actionable phrases: Make sure you take the left exit door and go down the stairs slowly as soon as possible.",Left. Exit. Stairs. Slowly.
"Simplify this emergency instruction into concise, actionable phrases: Kindly take the left exit door and go down the stairs slowly and stay calm.",Left. Exit. Stairs. Slowly.
"Simplify this emergency instruction into concise, actionable phrases: Action required: leave your belongings behind and evacuate the building immediately as soon as possible.",Leave Belongings. Evacuate Now.
"Simplify this emergency instruction into concise, actionable phrases: Make sure you do not drink the tap water, use bottled water instead right now.",No Tap Water. Use Bottled.
"Simplify this emergency instruction into concise, actionable phrases: Protect your head and neck until the danger passes as quickly as possible.",Protect Head. Protect Neck.
"Simplify this emergency instruction into concise, actionable phrases: Please leave your belongings behind and evacuate the building immediately and stay calm.",Leave Belongings. Evacuate Now.
"Simplify this emergency instruction into concise, actionable phrases: Emergency: stay away from electrical outlets and avoid using wired devices and stay calm.",Avoid Outlets. No Wired Devices.
"Simplify this emergency instruction into concise, actionable phrases: Right now, you need to stay inside your vehicle and wait for emergency responders as instructed.",Stay In Vehicle. Wait.
"Simplify this emergency instruction into concise, actionable phrases: You must lock the doors, turn off the lights, and remain silent before the situation worsens.",Lock Doors. Lights Off. Remain Silent.
"Simplify this emergency instruction into concise, actionable phrases: Please do not use the elevators, use the emergency fire stairs while waiting for responders.",No Elevators. Use Stairs.
"Simplify this emergency instruction into concise, actionable phrases: Quickly activate the fire alarm on your way out of the corridor as instructed.",Activate Alarm. Exit Corridor.
"Simplify this emergency instruction into concise, actionable phrases: Attention: activate the fire alarm on your way out of the corridor and help others if you can.",Activate Alarm. Exit Corridor.
"Simplify this emergency instruction into concise, actionable phrases: Do not re-enter the building until authorized if it is safe to do so.",No Reentry. Wait Authorization.
"Simplify this emergency instruction into concise, actionable phrases: It is very important that you use the fire extinguisher on the base of the flames carefully.",Extinguish Fire. Aim at Base.
"Simplify this emergency instruction into concise, actionable phrases: Without delay, apply direct pressure to the wound and elevate the injured area right now.",Apply Pressure. Elevate Wound.
"Simplify this emergency instruction into concise, actionable phrases: Please make sure to take the left exit door and go down the stairs slowly to ensure your safety.",Left. Exit. Stairs. Slowly.
"Simplify this emergency instruction into concise, actionable phrases: Please make sure to lock the doors, turn off the lights, and remain silent and stay calm.",Lock Doors. Lights Off. Remain Silent.
"Simplify this emergency instruction into concise, actionable phrases: Please move to higher ground immediately to avoid the floodwaters before the situation worsens.",Move Higher. Avoid Flood.
"Simplify this emergency instruction into concise, actionable phrases: Evacuate the area immediately and watch for falling debris.",Evacuate. Avoid Debris.
"Simplify this emergency instruction into concise, actionable phrases: Attention: check for breathing and begin cpr if necessary as soon as possible.",Check Breathing. Start CPR.
"Simplify this emergency instruction into concise, actionable phrases: Right now, you need to check for breathing and begin cpr if necessary carefully.",Check Breathing. Start CPR.
"Simplify this emergency instruction into concise, actionable phrases: It is very important that you find a safe place to hide and stay quiet until help arrives as soon as possible.",Hide. Stay Quiet.
"Simplify this emergency instruction into concise, actionable phrases: You must apply direct pressure to the wound and elevate the injured area as instructed.",Apply Pressure. Elevate Wound.
"Simplify this emergency instruction into concise, actionable phrases: Kindly activate the fire alarm on your way out of the corridor and stay calm.",Activate Alarm. Exit Corridor.
"Simplify this emergency instruction into concise, actionable phrases: Attention: stay inside your vehicle and wait for emergency responders immediately.",Stay In Vehicle. Wait.
"Simplify this emergency instruction into concise, actionable phrases: Quickly leave your belongings behind and evacuate the building immediately and help others if you can.",Leave Belongings. Evacuate Now.
"Simplify this emergency instruction into concise, actionable phrases: After the shaking ends, evacuate using the stairs and assist others nearby.",Shaking Stops. Exit. Stairs.
"Simplify this emergency instruction into concise, actionable phrases: Quickly lock the doors, turn off the lights, and remain silent immediately.",Lock Doors. Lights Off. Remain Silent.
"Simplify this emergency instruction into concise, actionable phrases: Warning: apply direct pressure to the wound and elevate the injured area before the situation worsens.",Apply Pressure. Elevate Wound.
"Simplify this emergency instruction into concise, actionable phrases: Right now, you need to do not use the elevators, use the emergency fire stairs as soon as possible.",No Elevators. Use Stairs.
"Simplify this emergency instruction into concise, actionable phrases: You must move to higher ground immediately to avoid the floodwaters as soon as possible.",Move Higher. Avoid Flood.
"Simplify this emergency instruction into concise, actionable phrases: Make sure you do not use the elevators, use the emergency fire stairs carefully.",No Elevators. Use Stairs.
"Simplify this emergency instruction into concise, actionable phrases: For your safety, please move to higher ground immediately to avoid the floodwaters as soon as possible.",Move Higher. Avoid Flood.
"Simplify this emergency instruction into concise, actionable phrases: Make sure you stay inside your vehicle and wait for emergency responders and help others if you can.",Stay In Vehicle. Wait.
"Simplify this emergency instruction into concise, actionable phrases: It is very important that you move to higher ground immediately to avoid the floodwaters without panicking.",Move Higher. Avoid Flood.
"Simplify this emergency instruction into concise, actionable phrases: Action required: turn off the main gas valve and evacuate the premises as soon as possible.",Turn Off Gas. Evacuate.
"Simplify this emergency instruction into concise, actionable phrases: Protect your head and neck until the danger passes following emergency procedures.",Protect Head. Protect Neck.
"Simplify this emergency instruction into concise, actionable phrases: Kindly move to higher ground immediately to avoid the floodwaters and help others if you can.",Move Higher. Avoid Flood.
"Simplify this emergency instruction into concise, actionable phrases: Move inland to higher ground immediately after the warning.",Inland. Higher Ground.
"Simplify this emergency instruction into concise, actionable phrases: Please make sure to take the left exit door and go down the stairs slowly right now.",Left. Exit. Stairs. Slowly.
"Simplify this emergency instruction into concise, actionable phrases: Emergency: take the left exit door and go down the stairs slowly and help others if you can.",Left. Exit. Stairs. Slowly.
"Simplify this emergency instruction into concise, actionable phrases: Action required: crawl under the smoke to reach the nearest safe exit without panicking.",Crawl Under Smoke. Find Exit.
"Simplify this emergency instruction into concise, actionable phrases: Without delay, take the left exit door and go down the stairs slowly as instructed.",Left. Exit. Stairs. Slowly.
"Simplify this emergency instruction into concise, actionable phrases: Make sure you call an ambulance and wait outside for them to arrive right now.",Call Ambulance. Wait Outside.
"Simplify this emergency instruction into concise, actionable phrases: Quickly do not drink the tap water, use bottled water instead to ensure your safety.",No Tap Water. Use Bottled.
"Simplify this emergency instruction into concise, actionable phrases: Make sure you call an ambulance and wait outside for them to arrive immediately.",Call Ambulance. Wait Outside.
"Simplify this emergency instruction into concise, actionable phrases: Please crawl under the smoke to reach the nearest safe exit immediately.",Crawl Under Smoke. Find Exit.
"Simplify this emergency instruction into concise, actionable phrases: Warning: leave your belongings behind and evacuate the building immediately and help others if you can.",Leave Belongings. Evacuate Now.
"Simplify this emergency instruction into concise, actionable phrases: For your safety, please stay inside your vehicle and wait for emergency responders right now.",Stay In Vehicle. Wait.
"Simplify this emergency instruction into concise, actionable phrases: I need you to immediately leave your belongings behind and evacuate the building immediately while waiting for responders.",Leave Belongings. Evacuate Now.
"Simplify this emergency instruction into concise, actionable phrases: Please proceed to the nearest emergency exit immediately and do not use the elevators without delay.",Nearest. Exit. No Elevators.
"Simplify this emergency instruction into concise, actionable phrases: Without delay, activate the fire alarm on your way out of the corridor to ensure your safety.",Activate Alarm. Exit Corridor.
"Simplify this emergency instruction into concise, actionable phrases: Please make sure to stay away from electrical outlets and avoid using wired devices to ensure your safety.",Avoid Outlets. No Wired Devices.
"Simplify this emergency instruction into concise, actionable phrases: Quickly lock the doors, turn off the lights, and remain silent as instructed.",Lock Doors. Lights Off. Remain Silent.
"Simplify this emergency instruction into concise, actionable phrases: Without delay, lock the doors, turn off the lights, and remain silent and stay calm.",Lock Doors. Lights Off. Remain Silent.
"Simplify this emergency instruction into concise, actionable phrases: Attention: call an ambulance and wait outside for them to arrive.",Call Ambulance. Wait Outside.
"Simplify this emergency instruction into concise, actionable phrases: Make sure you find a safe place to hide and stay quiet until help arrives to ensure your safety.",Hide. Stay Quiet.
"Simplify this emergency instruction into concise, actionable phrases: Please check for breathing and begin cpr if necessary as instructed.",Check Breathing. Start CPR.
"Simplify this emergency instruction into concise, actionable phrases: Right now, you need to do not use the elevators, use the emergency fire stairs without panicking.",No Elevators. Use Stairs.
"Simplify this emergency instruction into concise, actionable phrases: Keep the injured person still and monitor breathing if it is safe to do so.",Keep Still. Monitor Breathing.
"Simplify this emergency instruction into concise, actionable phrases: Please make sure to use the fire extinguisher on the base of the flames and help others if you can.",Extinguish Fire. Aim at Base.
"Simplify this emergency instruction into concise, actionable phrases: Action required: stay away from electrical outlets and avoid using wired devices.",Avoid Outlets. No Wired Devices.
"Simplify this emergency instruction into concise, actionable phrases: Please call an ambulance and wait outside for them to arrive immediately.",Call Ambulance. Wait Outside.
"Simplify this emergency instruction into concise, actionable phrases: Activate the fire alarm before evacuating the building while remaining calm.",Fire Alarm. Evacuate.
"Simplify this emergency instruction into concise, actionable phrases: Without delay, leave your belongings behind and evacuate the building immediately right now.",Leave Belongings. Evacuate Now.
"Simplify this emergency instruction into concise, actionable phrases: Right now, you need to take the left exit door and go down the stairs slowly before the situation worsens.",Left. Exit. Stairs. Slowly.
"Simplify this emergency instruction into concise, actionable phrases: It is very important that you move to higher ground immediately to avoid the floodwaters immediately.",Move Higher. Avoid Flood.
"Simplify this emergency instruction into concise, actionable phrases: For your safety, please stay inside your vehicle and wait for emergency responders.",Stay In Vehicle. Wait.
"Simplify this emergency instruction into concise, actionable phrases: Close the door behind you to slow the spread of fire while remaining calm.",Close Door. Slow Fire.
"Simplify this emergency instruction into concise, actionable phrases: Attention: crawl under the smoke to reach the nearest safe exit while waiting for responders.",Crawl Under Smoke. Find Exit.
"Simplify this emergency instruction into concise, actionable phrases: Emergency: find a safe place to hide and stay quiet until help arrives and help others if you can.",Hide. Stay Quiet.
"Simplify this emergency instruction into concise, actionable phrases: Quickly lock the doors, turn off the lights, and remain silent without panicking.",Lock Doors. Lights Off. Remain Silent.
"Simplify this emergency instruction into concise, actionable phrases: Kindly move to higher ground immediately to avoid the floodwaters.",Move Higher. Avoid Flood.
"Simplify this emergency instruction into concise, actionable phrases: Without delay, activate the fire alarm on your way out of the corridor carefully.",Activate Alarm. Exit Corridor.
"Simplify this emergency instruction into concise, actionable phrases: For your safety, please move away from the windows and find a secure room and stay calm.",Away From Windows. Secure Room.
"Simplify this emergency instruction into concise, actionable phrases: Stay away from the shoreline until officials declare it safe following emergency procedures.",Away Shoreline. Wait Clearance.
"Simplify this emergency instruction into concise, actionable phrases: Please make sure to take the left exit door and go down the stairs slowly as soon as possible.",Left. Exit. Stairs. Slowly.
"Simplify this emergency instruction into concise, actionable phrases: It is very important that you apply direct pressure to the wound and elevate the injured area carefully.",Apply Pressure. Elevate Wound.
"Simplify this emergency instruction into concise, actionable phrases: Attention: use the fire extinguisher on the base of the flames right now.",Extinguish Fire. Aim at Base.
"Simplify this emergency instruction into concise, actionable phrases: Warning: do not use the elevators, use the emergency fire stairs and stay calm.",No Elevators. Use Stairs.
"Simplify this emergency instruction into concise, actionable phrases: It is very important that you take the left exit door and go down the stairs slowly to ensure your safety.",Left. Exit. Stairs. Slowly.
"Simplify this emergency instruction into concise, actionable phrases: Emergency: apply direct pressure to the wound and elevate the injured area.",Apply Pressure. Elevate Wound.
"Simplify this emergency instruction into concise, actionable phrases: Kindly leave your belongings behind and evacuate the building immediately before the situation worsens.",Leave Belongings. Evacuate Now.
"Simplify this emergency instruction into concise, actionable phrases: Quickly call an ambulance and wait outside for them to arrive before the situation worsens.",Call Ambulance. Wait Outside.
"Simplify this emergency instruction into concise, actionable phrases: Emergency: move away from the windows and find a secure room immediately.",Away From Windows. Secure Room.
"Simplify this emergency instruction into concise, actionable phrases: Please apply direct pressure to the wound and elevate the injured area while waiting for responders.",Apply Pressure. Elevate Wound.
"Simplify this emergency instruction into concise, actionable phrases: Right now, you need to drop to the floor, take cover under a sturdy table, and hold on and help others if you can.",Drop. Cover. Hold On.
"Simplify this emergency instruction into concise, actionable phrases: Please do not drink the tap water, use bottled water instead.",No Tap Water. Use Bottled.
"Simplify this emergency instruction into concise, actionable phrases: Please use the fire extinguisher on the base of the flames without panicking.",Extinguish Fire. Aim at Base.
"Simplify this emergency instruction into concise, actionable phrases: Emergency: secure all loose objects and stay away from glass panels while waiting for responders.",Secure Objects. Avoid Glass.
"Simplify this emergency instruction into concise, actionable phrases: Please do not drink the tap water, use bottled water instead and stay calm.",No Tap Water. Use Bottled.
"Simplify this emergency instruction into concise, actionable phrases: Quickly stay away from electrical outlets and avoid using wired devices as soon as possible.",Avoid Outlets. No Wired Devices.
"Simplify this emergency instruction into concise, actionable phrases: Kindly do not use the elevators, use the emergency fire stairs immediately.",No Elevators. Use Stairs.
"Simplify this emergency instruction into concise, actionable phrases: Emergency: do not use the elevators, use the emergency fire stairs as soon as possible.",No Elevators. Use Stairs.
"Simplify this emergency instruction into concise, actionable phrases: It is very important that you stay away from electrical outlets and avoid using wired devices and help others if you can.",Avoid Outlets. No Wired Devices.
"Simplify this emergency instruction into concise, actionable phrases: Attention: lock the doors, turn off the lights, and remain silent immediately.",Lock Doors. Lights Off. Remain Silent.
"Simplify this emergency instruction into concise, actionable phrases: Warning: leave your belongings behind and evacuate the building immediately right now.",Leave Belongings. Evacuate Now.
"Simplify this emergency instruction into concise, actionable phrases: Please use the fire extinguisher on the base of the flames and help others if you can.",Extinguish Fire. Aim at Base.
"Simplify this emergency instruction into concise, actionable phrases: Please move away from the windows and find a secure room without panicking.",Away From Windows. Secure Room.
"Simplify this emergency instruction into concise, actionable phrases: You must find a safe place to hide and stay quiet until help arrives and stay calm.",Hide. Stay Quiet.
"Simplify this emergency instruction into concise, actionable phrases: Emergency: stay inside your vehicle and wait for emergency responders as soon as possible.",Stay In Vehicle. Wait.
"Simplify this emergency instruction into concise, actionable phrases: Please crawl under the smoke to reach the nearest safe exit as instructed.",Crawl Under Smoke. Find Exit.
"Simplify this emergency instruction into concise, actionable phrases: Kindly move away from the windows and find a secure room carefully.",Away From Windows. Secure Room.
"Simplify this emergency instruction into concise, actionable phrases: For your safety, please do not drink the tap water, use bottled water instead as instructed.",No Tap Water. Use Bottled.
"Simplify this emergency instruction into concise, actionable phrases: Action required: lock the doors, turn off the lights, and remain silent immediately.",Lock Doors. Lights Off. Remain Silent.
"Simplify this emergency instruction into concise, actionable phrases: Stay away from the shoreline until officials declare it safe as quickly as possible.",Away Shoreline. Wait Clearance.
"Simplify this emergency instruction into concise, actionable phrases: For your safety, please call an ambulance and wait outside for them to arrive while waiting for responders.",Call Ambulance. Wait Outside.
"Simplify this emergency instruction into concise, actionable phrases: You must find a safe place to hide and stay quiet until help arrives to ensure your safety.",Hide. Stay Quiet.
"Simplify this emergency instruction into concise, actionable phrases: Make sure you crawl under the smoke to reach the nearest safe exit carefully.",Crawl Under Smoke. Find Exit.
"Simplify this emergency instruction into concise, actionable phrases: Please cover your nose and mouth with a wet cloth and stay low to the ground before the situation worsens.",Cover Nose. Stay Low.
"Simplify this emergency instruction into concise, actionable phrases: Quickly use the fire extinguisher on the base of the flames while waiting for responders.",Extinguish Fire. Aim at Base.
"Simplify this emergency instruction into concise, actionable phrases: It is very important that you stay inside your vehicle and wait for emergency responders.",Stay In Vehicle. Wait.
"Simplify this emergency instruction into concise, actionable phrases: Right now, you need to find a safe place to hide and stay quiet until help arrives before the situation worsens.",Hide. Stay Quiet.
"Simplify this emergency instruction into concise, actionable phrases: Drop to the ground, take cover under a sturdy table, and hold on until the shaking stops while remaining calm.",Drop. Cover. Hold.
"Simplify this emergency instruction into concise, actionable phrases: Without delay, do not drink the tap water, use bottled water instead as soon as possible.",No Tap Water. Use Bottled.
"Simplify this emergency instruction into concise, actionable phrases: Kindly secure all loose objects and stay away from glass panels and help others if you can.",Secure Objects. Avoid Glass.
"Simplify this emergency instruction into concise, actionable phrases: Apply firm pressure to the wound until help arrives immediately.",Pressure. Wound.
"Simplify this emergency instruction into concise, actionable phrases: It is very important that you stay inside your vehicle and wait for emergency responders to ensure your safety.",Stay In Vehicle. Wait.
"Simplify this emergency instruction into concise, actionable phrases: Right now, you need to do not drink the tap water, use bottled water instead as instructed.",No Tap Water. Use Bottled.
"Simplify this emergency instruction into concise, actionable phrases: Quickly do not use the elevators, use the emergency fire stairs without panicking.",No Elevators. Use Stairs.
"Simplify this emergency instruction into concise, actionable phrases: Attention: use the fire extinguisher on the base of the flames before the situation worsens.",Extinguish Fire. Aim at Base.
"Simplify this emergency instruction into concise, actionable phrases: Emergency: call an ambulance and wait outside for them to arrive before the situation worsens.",Call Ambulance. Wait Outside.
"Simplify this emergency instruction into concise, actionable phrases: Please crawl under the smoke to reach the nearest safe exit while waiting for responders.",Crawl Under Smoke. Find Exit.
"Simplify this emergency instruction into concise, actionable phrases: Warning: activate the fire alarm on your way out of the corridor right now.",Activate Alarm. Exit Corridor.
"Simplify this emergency instruction into concise, actionable phrases: Action required: apply direct pressure to the wound and elevate the injured area to ensure your safety.",Apply Pressure. Elevate Wound.
"Simplify this emergency instruction into concise, actionable phrases: Please do not use the elevators, use the emergency fire stairs immediately.",No Elevators. Use Stairs.
"Simplify this emergency instruction into concise, actionable phrases: Right now, you need to crawl under the smoke to reach the nearest safe exit without panicking.",Crawl Under Smoke. Find Exit.
"Simplify this emergency instruction into concise, actionable phrases: For your safety, please crawl under the smoke to reach the nearest safe exit.",Crawl Under Smoke. Find Exit.
"Simplify this emergency instruction into concise, actionable phrases: Action required: take the left exit door and go down the stairs slowly carefully.",Left. Exit. Stairs. Slowly.
"Simplify this emergency instruction into concise, actionable phrases: Attention: move to higher ground immediately to avoid the floodwaters right now.",Move Higher. Avoid Flood.
"Simplify this emergency instruction into concise, actionable phrases: Please secure all loose objects and stay away from glass panels carefully.",Secure Objects. Avoid Glass.
"Simplify this emergency instruction into concise, actionable phrases: Right now, you need to use the fire extinguisher on the base of the flames before the situation worsens.",Extinguish Fire. Aim at Base.
"Simplify this emergency instruction into concise, actionable phrases: It is very important that you call an ambulance and wait outside for them to arrive while waiting for responders.",Call Ambulance. Wait Outside.
"Simplify this emergency instruction into concise, actionable phrases: Kindly turn off the main gas valve and evacuate the premises as soon as possible.",Turn Off Gas. Evacuate.
"Simplify this emergency instruction into concise, actionable phrases: Without delay, turn off the main gas valve and evacuate the premises right now.",Turn Off Gas. Evacuate.
"Simplify this emergency instruction into concise, actionable phrases: You must lock the doors, turn off the lights, and remain silent carefully.",Lock Doors. Lights Off. Remain Silent.
"Simplify this emergency instruction into concise, actionable phrases: Make sure you move away from the windows and find a secure room.",Away From Windows. Secure Room.
"Simplify this emergency instruction into concise, actionable phrases: Emergency: move to higher ground immediately to avoid the floodwaters.",Move Higher. Avoid Flood.
"Simplify this emergency instruction into concise, actionable phrases: Without delay, leave your belongings behind and evacuate the building immediately without panicking.",Leave Belongings. Evacuate Now.
"Simplify this emergency instruction into concise, actionable phrases: Warning: use the fire extinguisher on the base of the flames before the situation worsens.",Extinguish Fire. Aim at Base.
"Simplify this emergency instruction into concise, actionable phrases: Warning: call an ambulance and wait outside for them to arrive as instructed.",Call Ambulance. Wait Outside.
"Simplify this emergency instruction into concise, actionable phrases: Warning: use the fire extinguisher on the base of the flames while waiting for responders.",Extinguish Fire. Aim at Base.
"Simplify this emergency instruction into concise, actionable phrases: Emergency: move away from the windows and find a secure room as soon as possible.",Away From Windows. Secure Room.
"Simplify this emergency instruction into concise, actionable phrases: Please secure all loose objects and stay away from glass panels.",Secure Objects. Avoid Glass.
"Simplify this emergency instruction into concise, actionable phrases: I need you to immediately stay away from electrical outlets and avoid using wired devices right now.",Avoid Outlets. No Wired Devices.
"Simplify this emergency instruction into concise, actionable phrases: You must stay inside your vehicle and wait for emergency responders before the situation worsens.",Stay In Vehicle. Wait.
"Simplify this emergency instruction into concise, actionable phrases: Emergency: turn off the main gas valve and evacuate the premises as soon as possible.",Turn Off Gas. Evacuate.
"Simplify this emergency instruction into concise, actionable phrases: You must use the fire extinguisher on the base of the flames to ensure your safety.",Extinguish Fire. Aim at Base.
"Simplify this emergency instruction into concise, actionable phrases: For your safety, please take the left exit door and go down the stairs slowly before the situation worsens.",Left. Exit. Stairs. Slowly.
"Simplify this emergency instruction into concise, actionable phrases: You must apply direct pressure to the wound and elevate the injured area carefully.",Apply Pressure. Elevate Wound.
"Simplify this emergency instruction into concise, actionable phrases: Move immediately to higher ground and avoid walking through floodwater immediately.",Higher Ground. Avoid Floodwater.
"Simplify this emergency instruction into concise, actionable phrases: You must find a safe place to hide and stay quiet until help arrives.",Hide. Stay Quiet.
"Simplify this emergency instruction into concise, actionable phrases: Attention: do not use the elevators, use the emergency fire stairs while waiting for responders.",No Elevators. Use Stairs.
"Simplify this emergency instruction into concise, actionable phrases: Quickly cover your nose and mouth with a wet cloth and stay low to the ground.",Cover Nose. Stay Low.
"Simplify this emergency instruction into concise, actionable phrases: Please do not use the elevators, use the emergency fire stairs before the situation worsens.",No Elevators. Use Stairs.
"Simplify this emergency instruction into concise, actionable phrases: Kindly stay inside your vehicle and wait for emergency responders while waiting for responders.",Stay In Vehicle. Wait.
"Simplify this emergency instruction into concise, actionable phrases: Attention: move away from the windows and find a secure room immediately.",Away From Windows. Secure Room.
"Simplify this emergency instruction into concise, actionable phrases: Move away from windows and heavy furniture immediately without delay.",Away. Windows. Furniture.
"Simplify this emergency instruction into concise, actionable phrases: It is very important that you take the left exit door and go down the stairs slowly without panicking.",Left. Exit. Stairs. Slowly.
"Simplify this emergency instruction into concise, actionable phrases: I need you to immediately do not drink the tap water, use bottled water instead while waiting for responders.",No Tap Water. Use Bottled.
"Simplify this emergency instruction into concise, actionable phrases: Without delay, leave your belongings behind and evacuate the building immediately immediately.",Leave Belongings. Evacuate Now.
"Simplify this emergency instruction into concise, actionable phrases: Without delay, do not use the elevators, use the emergency fire stairs.",No Elevators. Use Stairs.
"Simplify this emergency instruction into concise, actionable phrases: Report the gas leak from a safe location immediately.",Safe Location. Report Leak.
"Simplify this emergency instruction into concise, actionable phrases: Action required: move to higher ground immediately to avoid the floodwaters without panicking.",Move Higher. Avoid Flood.
"Simplify this emergency instruction into concise, actionable phrases: It is very important that you stay away from electrical outlets and avoid using wired devices to ensure your safety.",Avoid Outlets. No Wired Devices.
"Simplify this emergency instruction into concise, actionable phrases: Make sure you use the fire extinguisher on the base of the flames as instructed.",Extinguish Fire. Aim at Base.
"Simplify this emergency instruction into concise, actionable phrases: Move away from windows and heavy furniture immediately.",Away. Windows. Furniture.
"Simplify this emergency instruction into concise, actionable phrases: Action required: use the fire extinguisher on the base of the flames right now.",Extinguish Fire. Aim at Base.
"Simplify this emergency instruction into concise, actionable phrases: Quickly turn off the main gas valve and evacuate the premises immediately.",Turn Off Gas. Evacuate.
"Simplify this emergency instruction into concise, actionable phrases: Quickly drop to the floor, take cover under a sturdy table, and hold on immediately.",Drop. Cover. Hold On.
"Simplify this emergency instruction into concise, actionable phrases: Warning: check for breathing and begin cpr if necessary and help others if you can.",Check Breathing. Start CPR.
"Simplify this emergency instruction into concise, actionable phrases: Warning: do not use the elevators, use the emergency fire stairs as soon as possible.",No Elevators. Use Stairs.
"Simplify this emergency instruction into concise, actionable phrases: You must use the fire extinguisher on the base of the flames without panicking.",Extinguish Fire. Aim at Base.
"Simplify this emergency instruction into concise, actionable phrases: Make sure you secure all loose objects and stay away from glass panels as instructed.",Secure Objects. Avoid Glass.
"Simplify this emergency instruction into concise, actionable phrases: You must use the fire extinguisher on the base of the flames as instructed.",Extinguish Fire. Aim at Base.
"Simplify this emergency instruction into concise, actionable phrases: Attention: stay inside your vehicle and wait for emergency responders while waiting for responders.",Stay In Vehicle. Wait.
"Simplify this emergency instruction into concise, actionable phrases: Warning: leave your belongings behind and evacuate the building immediately.",Leave Belongings. Evacuate Now.
"Simplify this emergency instruction into concise, actionable phrases: Emergency: check for breathing and begin cpr if necessary right now.",Check Breathing. Start CPR.
"Simplify this emergency instruction into concise, actionable phrases: Warning: activate the fire alarm on your way out of the corridor immediately.",Activate Alarm. Exit Corridor.
"Simplify this emergency instruction into concise, actionable phrases: I need you to immediately drop to the floor, take cover under a sturdy table, and hold on and help others if you can.",Drop. Cover. Hold On.
"Simplify this emergency instruction into concise, actionable phrases: Emergency: find a safe place to hide and stay quiet until help arrives immediately.",Hide. Stay Quiet.
"Simplify this emergency instruction into concise, actionable phrases: Evacuate the area immediately and watch for falling debris as quickly as possible.",Evacuate. Avoid Debris.
"Simplify this emergency instruction into concise, actionable phrases: Without delay, stay away from electrical outlets and avoid using wired devices as soon as possible.",Avoid Outlets. No Wired Devices.
"Simplify this emergency instruction into concise, actionable phrases: Without delay, take the left exit door and go down the stairs slowly to ensure your safety.",Left. Exit. Stairs. Slowly.
"Simplify this emergency instruction into concise, actionable phrases: Quickly apply direct pressure to the wound and elevate the injured area right now.",Apply Pressure. Elevate Wound.
"Simplify this emergency instruction into concise, actionable phrases: Right now, you need to leave your belongings behind and evacuate the building immediately while waiting for responders.",Leave Belongings. Evacuate Now.
"Simplify this emergency instruction into concise, actionable phrases: Quickly apply direct pressure to the wound and elevate the injured area carefully.",Apply Pressure. Elevate Wound.
"Simplify this emergency instruction into concise, actionable phrases: It is very important that you take the left exit door and go down the stairs slowly as instructed.",Left. Exit. Stairs. Slowly.
"Simplify this emergency instruction into concise, actionable phrases: Attention: take the left exit door and go down the stairs slowly as instructed.",Left. Exit. Stairs. Slowly.
"Simplify this emergency instruction into concise, actionable phrases: You must move to higher ground immediately to avoid the floodwaters without panicking.",Move Higher. Avoid Flood.
"Simplify this emergency instruction into concise, actionable phrases: Emergency: stay inside your vehicle and wait for emergency responders before the situation worsens.",Stay In Vehicle. Wait.
"Simplify this emergency instruction into concise, actionable phrases: Emergency: stay inside your vehicle and wait for emergency responders as instructed.",Stay In Vehicle. Wait.
"Simplify this emergency instruction into concise, actionable phrases: It is very important that you crawl under the smoke to reach the nearest safe exit without panicking.",Crawl Under Smoke. Find Exit.
"Simplify this emergency instruction into concise, actionable phrases: It is very important that you stay inside your vehicle and wait for emergency responders as instructed.",Stay In Vehicle. Wait.
"Simplify this emergency instruction into concise, actionable phrases: Right now, you need to find a safe place to hide and stay quiet until help arrives immediately.",Hide. Stay Quiet.
"Simplify this emergency instruction into concise, actionable phrases: You must crawl under the smoke to reach the nearest safe exit and help others if you can.",Crawl Under Smoke. Find Exit.
"Simplify this emergency instruction into concise, actionable phrases: It is very important that you stay away from electrical outlets and avoid using wired devices immediately.",Avoid Outlets. No Wired Devices.
"Simplify this emergency instruction into concise, actionable phrases: Action required: check for breathing and begin cpr if necessary while waiting for responders.",Check Breathing. Start CPR.
"Simplify this emergency instruction into concise, actionable phrases: Right now, you need to drop to the floor, take cover under a sturdy table, and hold on immediately.",Drop. Cover. Hold On.
"Simplify this emergency instruction into concise, actionable phrases: Warning: drop to the floor, take cover under a sturdy table, and hold on to ensure your safety.",Drop. Cover. Hold On.
"Simplify this emergency instruction into concise, actionable phrases: Please activate the fire alarm on your way out of the corridor.",Activate Alarm. Exit Corridor.
"Simplify this emergency instruction into concise, actionable phrases: Warning: stay inside your vehicle and wait for emergency responders and help others if you can.",Stay In Vehicle. Wait.
"Simplify this emergency instruction into concise, actionable phrases: Emergency: call an ambulance and wait outside for them to arrive carefully.",Call Ambulance. Wait Outside.
"Simplify this emergency instruction into concise, actionable phrases: Warning: find a safe place to hide and stay quiet until help arrives immediately.",Hide. Stay Quiet.
"Simplify this emergency instruction into concise, actionable phrases: It is very important that you find a safe place to hide and stay quiet until help arrives without panicking.",Hide. Stay Quiet.
"Simplify this emergency instruction into concise, actionable phrases: Kindly turn off the main gas valve and evacuate the premises right now.",Turn Off Gas. Evacuate.
"Simplify this emergency instruction into concise, actionable phrases: Attention: take the left exit door and go down the stairs slowly carefully.",Left. Exit. Stairs. Slowly.
"Simplify this emergency instruction into concise, actionable phrases: I need you to immediately lock the doors, turn off the lights, and remain silent as soon as possible.",Lock Doors. Lights Off. Remain Silent.
"Simplify this emergency instruction into concise, actionable phrases: Warning: apply direct pressure to the wound and elevate the injured area carefully.",Apply Pressure. Elevate Wound.
"Simplify this emergency instruction into concise, actionable phrases: Make sure you stay away from electrical outlets and avoid using wired devices as instructed.",Avoid Outlets. No Wired Devices.
"Simplify this emergency instruction into concise, actionable phrases: Warning: move to higher ground immediately to avoid the floodwaters to ensure your safety.",Move Higher. Avoid Flood.
"Simplify this emergency instruction into concise, actionable phrases: Please make sure to activate the fire alarm on your way out of the corridor before the situation worsens.",Activate Alarm. Exit Corridor.
"Simplify this emergency instruction into concise, actionable phrases: Make sure you leave your belongings behind and evacuate the building immediately as soon as possible.",Leave Belongings. Evacuate Now.
"Simplify this emergency instruction into concise, actionable phrases: Please do not use the elevators, use the emergency fire stairs without panicking.",No Elevators. Use Stairs.
"Simplify this emergency instruction into concise, actionable phrases: Please stay away from electrical outlets and avoid using wired devices immediately.",Avoid Outlets. No Wired Devices.
"Simplify this emergency instruction into concise, actionable phrases: Attention: cover your nose and mouth with a wet cloth and stay low to the ground while waiting for responders.",Cover Nose. Stay Low.
"Simplify this emergency instruction into concise, actionable phrases: Attention: call an ambulance and wait outside for them to arrive right now.",Call Ambulance. Wait Outside.
"Simplify this emergency instruction into concise, actionable phrases: I need you to immediately do not use the elevators, use the emergency fire stairs to ensure your safety.",No Elevators. Use Stairs.
"Simplify this emergency instruction into concise, actionable phrases: Warning: do not drink the tap water, use bottled water instead and stay calm.",No Tap Water. Use Bottled.
"Simplify this emergency instruction into concise, actionable phrases: Right now, you need to cover your nose and mouth with a wet cloth and stay low to the ground as instructed.",Cover Nose. Stay Low.
"Simplify this emergency instruction into concise, actionable phrases: I need you to immediately move away from the windows and find a secure room as instructed.",Away From Windows. Secure Room.
"Simplify this emergency instruction into concise, actionable phrases: I need you to immediately stay inside your vehicle and wait for emergency responders as instructed.",Stay In Vehicle. Wait.
"Simplify this emergency instruction into concise, actionable phrases: For your safety, please use the fire extinguisher on the base of the flames immediately.",Extinguish Fire. Aim at Base.
"Simplify this emergency instruction into concise, actionable phrases: Quickly stay inside your vehicle and wait for emergency responders right now.",Stay In Vehicle. Wait.
"Simplify this emergency instruction into concise, actionable phrases: Without delay, activate the fire alarm on your way out of the corridor.",Activate Alarm. Exit Corridor.
"Simplify this emergency instruction into concise, actionable phrases: Attention: drop to the floor, take cover under a sturdy table, and hold on while waiting for responders.",Drop. Cover. Hold On.
"Simplify this emergency instruction into concise, actionable phrases: I need you to immediately take the left exit door and go down the stairs slowly as instructed.",Left. Exit. Stairs. Slowly.
"Simplify this emergency instruction into concise, actionable phrases: It is very important that you apply direct pressure to the wound and elevate the injured area and help others if you can.",Apply Pressure. Elevate Wound.
"Simplify this emergency instruction into concise, actionable phrases: Call emergency medical services immediately and begin CPR if the victim is unresponsive without delay.",Call Emergency. CPR.
"Simplify this emergency instruction into concise, actionable phrases: Right now, you need to find a safe place to hide and stay quiet until help arrives as instructed.",Hide. Stay Quiet.
"Simplify this emergency instruction into concise, actionable phrases: Please lock the doors, turn off the lights, and remain silent and stay calm.",Lock Doors. Lights Off. Remain Silent.
"Simplify this emergency instruction into concise, actionable phrases: Emergency: drop to the floor, take cover under a sturdy table, and hold on.",Drop. Cover. Hold On.
"Simplify this emergency instruction into concise, actionable phrases: For your safety, please call an ambulance and wait outside for them to arrive.",Call Ambulance. Wait Outside.
"Simplify this emergency instruction into concise, actionable phrases: Please move to higher ground immediately to avoid the floodwaters carefully.",Move Higher. Avoid Flood.
"Simplify this emergency instruction into concise, actionable phrases: Right now, you need to do not drink the tap water, use bottled water instead and help others if you can.",No Tap Water. Use Bottled.
"Simplify this emergency instruction into concise, actionable phrases: Right now, you need to check for breathing and begin cpr if necessary immediately.",Check Breathing. Start CPR.
"Simplify this emergency instruction into concise, actionable phrases: Warning: take the left exit door and go down the stairs slowly without panicking.",Left. Exit. Stairs. Slowly.
"Simplify this emergency instruction into concise, actionable phrases: Attention: lock the doors, turn off the lights, and remain silent.",Lock Doors. Lights Off. Remain Silent.
"Simplify this emergency instruction into concise, actionable phrases: Action required: turn off the main gas valve and evacuate the premises and help others if you can.",Turn Off Gas. Evacuate.
"Simplify this emergency instruction into concise, actionable phrases: Right now, you need to move to higher ground immediately to avoid the floodwaters and stay calm.",Move Higher. Avoid Flood.
"Simplify this emergency instruction into concise, actionable phrases: Action required: lock the doors, turn off the lights, and remain silent to ensure your safety.",Lock Doors. Lights Off. Remain Silent.
"Simplify this emergency instruction into concise, actionable phrases: Quickly do not use the elevators, use the emergency fire stairs right now.",No Elevators. Use Stairs.
"Simplify this emergency instruction into concise, actionable phrases: It is very important that you find a safe place to hide and stay quiet until help arrives as instructed.",Hide. Stay Quiet.
"Simplify this emergency instruction into concise, actionable phrases: I need you to immediately stay away from electrical outlets and avoid using wired devices immediately.",Avoid Outlets. No Wired Devices.
"Simplify this emergency instruction into concise, actionable phrases: Please make sure to leave your belongings behind and evacuate the building immediately immediately.",Leave Belongings. Evacuate Now.
"Simplify this emergency instruction into concise, actionable phrases: I need you to immediately crawl under the smoke to reach the nearest safe exit as instructed.",Crawl Under Smoke. Find Exit.
"Simplify this emergency instruction into concise, actionable phrases: Kindly move away from the windows and find a secure room as instructed.",Away From Windows. Secure Room.
"Simplify this emergency instruction into concise, actionable phrases: Right now, you need to use the fire extinguisher on the base of the flames and help others if you can.",Extinguish Fire. Aim at Base.
"Simplify this emergency instruction into concise, actionable phrases: Right now, you need to move to higher ground immediately to avoid the floodwaters without panicking.",Move Higher. Avoid Flood.
"Simplify this emergency instruction into concise, actionable phrases: Please call an ambulance and wait outside for them to arrive while waiting for responders.",Call Ambulance. Wait Outside.
"Simplify this emergency instruction into concise, actionable phrases: It is very important that you call an ambulance and wait outside for them to arrive without panicking.",Call Ambulance. Wait Outside.
"Simplify this emergency instruction into concise, actionable phrases: Quickly find a safe place to hide and stay quiet until help arrives to ensure your safety.",Hide. Stay Quiet.
"Simplify this emergency instruction into concise, actionable phrases: Emergency: leave your belongings behind and evacuate the building immediately as instructed.",Leave Belongings. Evacuate Now.
"Simplify this emergency instruction into concise, actionable phrases: Quickly do not use the elevators, use the emergency fire stairs to ensure your safety.",No Elevators. Use Stairs.
"Simplify this emergency instruction into concise, actionable phrases: Right now, you need to stay away from electrical outlets and avoid using wired devices carefully.",Avoid Outlets. No Wired Devices.
"Simplify this emergency instruction into concise, actionable phrases: It is very important that you cover your nose and mouth with a wet cloth and stay low to the ground immediately.",Cover Nose. Stay Low.
"Simplify this emergency instruction into concise, actionable phrases: It is very important that you leave your belongings behind and evacuate the building immediately and stay calm.",Leave Belongings. Evacuate Now.
"Simplify this emergency instruction into concise, actionable phrases: It is very important that you call an ambulance and wait outside for them to arrive as soon as possible.",Call Ambulance. Wait Outside.
"Simplify this emergency instruction into concise, actionable phrases: Action required: stay inside your vehicle and wait for emergency responders right now.",Stay In Vehicle. Wait.
"Simplify this emergency instruction into concise, actionable phrases: Quickly apply direct pressure to the wound and elevate the injured area and help others if you can.",Apply Pressure. Elevate Wound.
"Simplify this emergency instruction into concise, actionable phrases: You must check for breathing and begin cpr if necessary and help others if you can.",Check Breathing. Start CPR.
"Simplify this emergency instruction into concise, actionable phrases: Emergency: find a safe place to hide and stay quiet until help arrives before the situation worsens.",Hide. Stay Quiet.
"Simplify this emergency instruction into concise, actionable phrases: Make sure you check for breathing and begin cpr if necessary carefully.",Check Breathing. Start CPR.
"Simplify this emergency instruction into concise, actionable phrases: Quickly turn off the main gas valve and evacuate the premises while waiting for responders.",Turn Off Gas. Evacuate.
"Simplify this emergency instruction into concise, actionable phrases: Quickly apply direct pressure to the wound and elevate the injured area as soon as possible.",Apply Pressure. Elevate Wound.
"Simplify this emergency instruction into concise, actionable phrases: Emergency: call an ambulance and wait outside for them to arrive and help others if you can.",Call Ambulance. Wait Outside.
"Simplify this emergency instruction into concise, actionable phrases: I need you to immediately call an ambulance and wait outside for them to arrive carefully.",Call Ambulance. Wait Outside.
"Simplify this emergency instruction into concise, actionable phrases: Go to the lowest floor and stay away from windows immediately.",Lowest Floor. Away Windows.
"Simplify this emergency instruction into concise, actionable phrases: Without delay, call an ambulance and wait outside for them to arrive as soon as possible.",Call Ambulance. Wait Outside.
"Simplify this emergency instruction into concise, actionable phrases: Without delay, stay away from electrical outlets and avoid using wired devices carefully.",Avoid Outlets. No Wired Devices.
"Simplify this emergency instruction into concise, actionable phrases: Make sure you activate the fire alarm on your way out of the corridor right now.",Activate Alarm. Exit Corridor.
"Simplify this emergency instruction into concise, actionable phrases: Without delay, crawl under the smoke to reach the nearest safe exit as soon as possible.",Crawl Under Smoke. Find Exit.
"Simplify this emergency instruction into concise, actionable phrases: Please make sure to drop to the floor, take cover under a sturdy table, and hold on before the situation worsens.",Drop. Cover. Hold On.
"Simplify this emergency instruction into concise, actionable phrases: Warning: cover your nose and mouth with a wet cloth and stay low to the ground to ensure your safety.",Cover Nose. Stay Low.
"Simplify this emergency instruction into concise, actionable phrases: Attention: check for breathing and begin cpr if necessary carefully.",Check Breathing. Start CPR.
"Simplify this emergency instruction into concise, actionable phrases: Without delay, stay away from electrical outlets and avoid using wired devices to ensure your safety.",Avoid Outlets. No Wired Devices.
"Simplify this emergency instruction into concise, actionable phrases: Right now, you need to turn off the main gas valve and evacuate the premises as soon as possible.",Turn Off Gas. Evacuate.
"Simplify this emergency instruction into concise, actionable phrases: Kindly leave your belongings behind and evacuate the building immediately right now.",Leave Belongings. Evacuate Now.
"Simplify this emergency instruction into concise, actionable phrases: Attention: stay inside your vehicle and wait for emergency responders carefully.",Stay In Vehicle. Wait.
"Simplify this emergency instruction into concise, actionable phrases: For your safety, please apply direct pressure to the wound and elevate the injured area before the situation worsens.",Apply Pressure. Elevate Wound.
"Simplify this emergency instruction into concise, actionable phrases: Quickly do not drink the tap water, use bottled water instead as instructed.",No Tap Water. Use Bottled.
"Simplify this emergency instruction into concise, actionable phrases: Without delay, check for breathing and begin cpr if necessary and help others if you can.",Check Breathing. Start CPR.
"Simplify this emergency instruction into concise, actionable phrases: It is very important that you crawl under the smoke to reach the nearest safe exit.",Crawl Under Smoke. Find Exit.
"Simplify this emergency instruction into concise, actionable phrases: Without delay, activate the fire alarm on your way out of the corridor while waiting for responders.",Activate Alarm. Exit Corridor.
"Simplify this emergency instruction into concise, actionable phrases: Make sure you cover your nose and mouth with a wet cloth and stay low to the ground carefully.",Cover Nose. Stay Low.
"Simplify this emergency instruction into concise, actionable phrases: Make sure you lock the doors, turn off the lights, and remain silent immediately.",Lock Doors. Lights Off. Remain Silent.
"Simplify this emergency instruction into concise, actionable phrases: Emergency: do not use the elevators, use the emergency fire stairs as instructed.",No Elevators. Use Stairs.
"Simplify this emergency instruction into concise, actionable phrases: Quickly take the left exit door and go down the stairs slowly to ensure your safety.",Left. Exit. Stairs. Slowly.
"Simplify this emergency instruction into concise, actionable phrases: After the shaking ends, evacuate using the stairs if it is safe to do so.",Shaking Stops. Exit. Stairs.
"Simplify this emergency instruction into concise, actionable phrases: Quickly find a safe place to hide and stay quiet until help arrives immediately.",Hide. Stay Quiet.
"Simplify this emergency instruction into concise, actionable phrases: Please make sure to apply direct pressure to the wound and elevate the injured area carefully.",Apply Pressure. Elevate Wound.
"Simplify this emergency instruction into concise, actionable phrases: Quickly do not use the elevators, use the emergency fire stairs and stay calm.",No Elevators. Use Stairs.
"Simplify this emergency instruction into concise, actionable phrases: Warning: drop to the floor, take cover under a sturdy table, and hold on as soon as possible.",Drop. Cover. Hold On.
"Simplify this emergency instruction into concise, actionable phrases: Please stay inside your vehicle and wait for emergency responders without panicking.",Stay In Vehicle. Wait.
"Simplify this emergency instruction into concise, actionable phrases: Please make sure to use the fire extinguisher on the base of the flames.",Extinguish Fire. Aim at Base.
"Simplify this emergency instruction into concise, actionable phrases: Please move to higher ground immediately to avoid the floodwaters without panicking.",Move Higher. Avoid Flood.
"Simplify this emergency instruction into concise, actionable phrases: Warning: turn off the main gas valve and evacuate the premises carefully.",Turn Off Gas. Evacuate.
"Simplify this emergency instruction into concise, actionable phrases: Leave the building immediately and avoid using electrical switches following emergency procedures.",Leave Building. No Switches.
"Simplify this emergency instruction into concise, actionable phrases: I need you to immediately activate the fire alarm on your way out of the corridor as instructed.",Activate Alarm. Exit Corridor.
"Simplify this emergency instruction into concise, actionable phrases: Attention: do not use the elevators, use the emergency fire stairs as soon as possible.",No Elevators. Use Stairs.
"Simplify this emergency instruction into concise, actionable phrases: Please do not use the elevators, use the emergency fire stairs right now.",No Elevators. Use Stairs.
"Simplify this emergency instruction into concise, actionable phrases: Attention: use the fire extinguisher on the base of the flames carefully.",Extinguish Fire. Aim at Base.
"Simplify this emergency instruction into concise, actionable phrases: Without delay, use the fire extinguisher on the base of the flames right now.",Extinguish Fire. Aim at Base.
"Simplify this emergency instruction into concise, actionable phrases: Kindly find a safe place to hide and stay quiet until help arrives as soon as possible.",Hide. Stay Quiet.
"Simplify this emergency instruction into concise, actionable phrases: I need you to immediately lock the doors, turn off the lights, and remain silent and stay calm.",Lock Doors. Lights Off. Remain Silent.
"Simplify this emergency instruction into concise, actionable phrases: Warning: stay away from electrical outlets and avoid using wired devices while waiting for responders.",Avoid Outlets. No Wired Devices.
"Simplify this emergency instruction into concise, actionable phrases: It is very important that you activate the fire alarm on your way out of the corridor to ensure your safety.",Activate Alarm. Exit Corridor.
"Simplify this emergency instruction into concise, actionable phrases: Emergency: drop to the floor, take cover under a sturdy table, and hold on as instructed.",Drop. Cover. Hold On.
"Simplify this emergency instruction into concise, actionable phrases: You must check for breathing and begin cpr if necessary as instructed.",Check Breathing. Start CPR.
"Simplify this emergency instruction into concise, actionable phrases: Kindly move to higher ground immediately to avoid the floodwaters carefully.",Move Higher. Avoid Flood.
"Simplify this emergency instruction into concise, actionable phrases: Kindly move to higher ground immediately to avoid the floodwaters right now.",Move Higher. Avoid Flood.
"Simplify this emergency instruction into concise, actionable phrases: Emergency: leave your belongings behind and evacuate the building immediately.",Leave Belongings. Evacuate Now.
"Simplify this emergency instruction into concise, actionable phrases: Without delay, use the fire extinguisher on the base of the flames and help others if you can.",Extinguish Fire. Aim at Base.
"Simplify this emergency instruction into concise, actionable phrases: Please make sure to crawl under the smoke to reach the nearest safe exit carefully.",Crawl Under Smoke. Find Exit.
"Simplify this emergency instruction into concise, actionable phrases: Please make sure to lock the doors, turn off the lights, and remain silent before the situation worsens.",Lock Doors. Lights Off. Remain Silent.
"Simplify this emergency instruction into concise, actionable phrases: You must crawl under the smoke to reach the nearest safe exit and stay calm.",Crawl Under Smoke. Find Exit.
"Simplify this emergency instruction into concise, actionable phrases: Stay low to avoid smoke inhalation while moving toward the exit if it is safe to do so.",Stay Low. Avoid Smoke. Exit.
"Simplify this emergency instruction into concise, actionable phrases: I need you to immediately crawl under the smoke to reach the nearest safe exit.",Crawl Under Smoke. Find Exit.
"Simplify this emergency instruction into concise, actionable phrases: Right now, you need to lock the doors, turn off the lights, and remain silent before the situation worsens.",Lock Doors. Lights Off. Remain Silent.
"Simplify this emergency instruction into concise, actionable phrases: Quickly cover your nose and mouth with a wet cloth and stay low to the ground right now.",Cover Nose. Stay Low.
"Simplify this emergency instruction into concise, actionable phrases: Right now, you need to leave your belongings behind and evacuate the building immediately to ensure your safety.",Leave Belongings. Evacuate Now.
"Simplify this emergency instruction into concise, actionable phrases: Quickly drop to the floor, take cover under a sturdy table, and hold on and help others if you can.",Drop. Cover. Hold On.
"Simplify this emergency instruction into concise, actionable phrases: It is very important that you lock the doors, turn off the lights, and remain silent right now.",Lock Doors. Lights Off. Remain Silent.
"Simplify this emergency instruction into concise, actionable phrases: Action required: move away from the windows and find a secure room as instructed.",Away From Windows. Secure Room.
"Simplify this emergency instruction into concise, actionable phrases: Run away from the attacker if a safe escape route is available.",Run. Escape.
"Simplify this emergency instruction into concise, actionable phrases: Make sure you use the fire extinguisher on the base of the flames without panicking.",Extinguish Fire. Aim at Base.
"Simplify this emergency instruction into concise, actionable phrases: It is very important that you turn off the main gas valve and evacuate the premises and stay calm.",Turn Off Gas. Evacuate.
"Simplify this emergency instruction into concise, actionable phrases: Warning: move away from the windows and find a secure room before the situation worsens.",Away From Windows. Secure Room.
"Simplify this emergency instruction into concise, actionable phrases: Without delay, leave your belongings behind and evacuate the building immediately to ensure your safety.",Leave Belongings. Evacuate Now.
"Simplify this emergency instruction into concise, actionable phrases: Warning: do not drink the tap water, use bottled water instead immediately.",No Tap Water. Use Bottled.
"Simplify this emergency instruction into concise, actionable phrases: You must drop to the floor, take cover under a sturdy table, and hold on carefully.",Drop. Cover. Hold On.
"Simplify this emergency instruction into concise, actionable phrases: Without delay, do not use the elevators, use the emergency fire stairs without panicking.",No Elevators. Use Stairs.
"Simplify this emergency instruction into concise, actionable phrases: Right now, you need to lock the doors, turn off the lights, and remain silent to ensure your safety.",Lock Doors. Lights Off. Remain Silent.
"Simplify this emergency instruction into concise, actionable phrases: Please make sure to take the left exit door and go down the stairs slowly carefully.",Left. Exit. Stairs. Slowly.
"Simplify this emergency instruction into concise, actionable phrases: Move immediately to higher ground and avoid walking through floodwater.",Higher Ground. Avoid Floodwater.
"Simplify this emergency instruction into concise, actionable phrases: Attention: apply direct pressure to the wound and elevate the injured area to ensure your safety.",Apply Pressure. Elevate Wound.
"Simplify this emergency instruction into concise, actionable phrases: Please make sure to crawl under the smoke to reach the nearest safe exit and stay calm.",Crawl Under Smoke. Find Exit.
"Simplify this emergency instruction into concise, actionable phrases: Quickly check for breathing and begin cpr if necessary right now.",Check Breathing. Start CPR.
"Simplify this emergency instruction into concise, actionable phrases: Right now, you need to activate the fire alarm on your way out of the corridor carefully.",Activate Alarm. Exit Corridor.
"Simplify this emergency instruction into concise, actionable phrases: Emergency: take the left exit door and go down the stairs slowly carefully.",Left. Exit. Stairs. Slowly.
"Simplify this emergency instruction into concise, actionable phrases: I need you to immediately do not use the elevators, use the emergency fire stairs right now.",No Elevators. Use Stairs.
"Simplify this emergency instruction into concise, actionable phrases: Emergency: find a safe place to hide and stay quiet until help arrives carefully.",Hide. Stay Quiet.
"Simplify this emergency instruction into concise, actionable phrases: Without delay, call an ambulance and wait outside for them to arrive right now.",Call Ambulance. Wait Outside.
"Simplify this emergency instruction into concise, actionable phrases: Please make sure to turn off the main gas valve and evacuate the premises as instructed.",Turn Off Gas. Evacuate.
"Simplify this emergency instruction into concise, actionable phrases: For your safety, please find a safe place to hide and stay quiet until help arrives as soon as possible.",Hide. Stay Quiet.
"Simplify this emergency instruction into concise, actionable phrases: Right now, you need to secure all loose objects and stay away from glass panels as instructed.",Secure Objects. Avoid Glass.
